id,col,del,region,sub,reg_sub,cp,new_region,num_diligencias_cpxgeo,num_addr_cpxgeo,area_sqkm,otros
23,"SAN ANGEL","ALVARO OBREGON",4,4,23,"01000",8,.22151451,.19377163,.014817269,1
20,"LOS ALPES","ALVARO OBREGON",4,1,20,"01010",22,.27600849,.12802768,.0078422641,1
23,"GUADALUPE INN","ALVARO OBREGON",4,4,23,"01020",8,.28025478,.21799308,.010678573,1
23,"FLORIDA","ALVARO OBREGON",4,4,23,"01030",8,.19391365,.19031142,.021516379,1
23,"CAMPESTRE","ALVARO OBREGON",4,4,23,"01040",8,.021231422,.038062282,.0056972746,1
23,"TLACOPAC","ALVARO OBREGON",4,4,23,"01049",8,.005661713,.010380623,.0044158618,1
23,"EX-HACIENDA DE GUADALUPE CHIMALISTAC","ALVARO OBREGON",4,4,23,"01050",8,.096956827,.072664358,.0039779921,1
23,"ALTAVISTA","ALVARO OBREGON",4,4,23,"01060",8,.053078555,.051903114,.0066233547,1
23,"CHIMALISTAC","ALVARO OBREGON",4,4,23,"01070",8,.068648264,.065743946,.0059884917,1
23,"PROGRESO TIZAPAN","ALVARO OBREGON",4,4,23,"01080",8,.019815994,.027681662,.0087087629,1
23,"PROGRESO TIZAPAN","ALVARO OBREGON",4,4,23,"01089",8,.0021231419,.003460208,.0014914447,1
23,"TIZAPAN SAN ANGEL","ALVARO OBREGON",4,4,23,"01090",8,.15003538,.21107267,.015802212,1
25,"EL CAPULIN","ALVARO OBREGON",5,1,25,"01110",25,.0049539991,.006920415,.01858639,1
21,"LAS AMERICAS","ALVARO OBREGON",4,2,21,"01120",22,.026893135,.048442908,.010807645,1
21,"UNIDAD HABITACIONAL MOLINO DE SANTO DOMINGO","ALVARO OBREGON",4,,21,"01130",22,0,0,.01059279,1
21,"BELLAVISTA","ALVARO OBREGON",4,2,21,"01140",22,.03113942,.031141868,.010687877,1
21,"CRISTO REY","ALVARO OBREGON",4,2,21,"01150",22,.010615711,.017301038,.011443229,1
21,"CAROLA","ALVARO OBREGON",4,2,21,"01160",22,.0042462852,.006920415,.0052883872,1
21,"SAN PEDRO DE LOS PINOS","ALVARO OBREGON",4,2,21,"01180",22,.12809625,.10034602,.011416835,1
29,"SANTA FE","ALVARO OBREGON",5,5,29,"01210",25,.0070771412,.027681662,.0083218822,1
29,"LOMAS DE SANTA FE","ALVARO OBREGON",5,5,29,"01219",25,.017692853,.024221454,.0019462734,1
29,"SANTA FE","ALVARO OBREGON",5,5,29,"01220",25,.011323425,.006920415,.032030296,1
29,"BEJERO","ALVARO OBREGON",5,5,29,"01230",25,.002830856,.003460208,.0033365721,1
24,"LOMAS DE SANTA FE","ALVARO OBREGON",4,5,24,"01270",8,0,0,.0085648643,1
24,"SANTA FE","ALVARO OBREGON",4,5,24,"01279",8,.001415428,.003460208,.0053011836,1
21,"LOMAS DE BECERRA","ALVARO OBREGON",4,2,21,"01280",22,.02264685,.031141868,.0094328932,1
21,"PILOTO ADOLFO LOPEZ MATEOS","ALVARO OBREGON",4,2,21,"01290",22,.001415428,.003460208,.0087578064,1
29,"CUAJIMALPA","ALVARO OBREGON",5,,29,"01310",25,.0084925694,.010380623,.0077296006,1
29,"LOMAS DE SANTA FE","ALVARO OBREGON",5,5,29,"01320",25,.001415428,.003460208,.0020701266,1
26,"PASEO DE LAS LOMAS","ALVARO OBREGON",5,2,26,"01330",3,.10898797,.093425609,.0069830916,1
29,"SANTA FE","ALVARO OBREGON",5,5,29,"01340",25,0,0,.00054965529,1
29,"SANTA FE","ALVARO OBREGON",5,5,29,"01376",25,.49610758,.44982699,.053623676,1
29,"SANTA FE","ALVARO OBREGON",5,5,29,"01389",25,0,0,.0029496243,1
21,"MOLINO DE ROSAS","ALVARO OBREGON",4,2,21,"01400",22,.01203114,.013840831,.0092613818,1
21,"OLIVAR DEL CONDE","ALVARO OBREGON",4,2,21,"01408",22,.0042462852,.006920415,.0087286178,1
21,"BARRIO NORTE","ALVARO OBREGON",4,,21,"01410",22,.0021231419,0,.006306875,1
21,"MINAS DE CRISTO","ALVARO OBREGON",4,2,21,"01419",22,.026893135,.017301038,.0031670732,1
21,"SANTA MARIA NONOALCO","ALVARO OBREGON",4,2,21,"01420",22,.02264685,.034602076,.0071421396,1
21,"GARCIMARRERO","ALVARO OBREGON",4,2,21,"01430",22,.0063694268,.006920415,.012047793,1
21,"OLIVAR DEL CONDE","ALVARO OBREGON",4,2,21,"01450",22,.0042462852,.013840831,.0055528469,1
21,"ALFONSO XIII","ALVARO OBREGON",4,2,21,"01460",22,.025477707,.044982698,.0066220821,1
21,"MOLINO DE ROSAS","ALVARO OBREGON",4,2,21,"01470",22,.032554846,.031141868,.0075826715,1
21,"MERCED GOMEZ","ALVARO OBREGON",4,2,21,"01480",22,.0035385699,.006920415,.012580849,1
21,"","ALVARO OBREGON",4,2,21,"01490",22,.000707714,.003460208,.00095852895,1
21,"SANTA LUCIA","ALVARO OBREGON",4,2,21,"01500",22,.0092002833,.010380623,.018858215,1
21,"GARCIMARRERO","ALVARO OBREGON",4,2,21,"01510",22,.0077848551,.006920415,.0063674408,1
21,"SANTA LUCIA","ALVARO OBREGON",4,2,21,"01520",22,.0077848551,.010380623,.0072057652,1
21,"","ALVARO OBREGON",4,2,21,"01530",22,.002830856,.006920415,.0057658963,1
21,"BALCONES DE CEHUAYO","ALVARO OBREGON",4,,21,"01540",22,.000707714,0,.0043180399,1
21,"TEPEACA","ALVARO OBREGON",4,2,21,"01550",22,.000707714,0,.003524479,1
21,"BOSQUES DE TARANGO","ALVARO OBREGON",4,2,21,"01588",22,.0049539991,.010380623,.028882027,1
21,"MERCED GOMEZ","ALVARO OBREGON",4,2,21,"01600",22,.041047417,.062283736,.012555174,1
21,"EX-HACIENDA DE TARANGO","ALVARO OBREGON",4,,21,"01618",22,.0021231419,.006920415,.0021182818,1
21,"LA MARTINICA","ALVARO OBREGON",4,2,21,"01619",22,.0049539991,.006920415,.0021456697,1
21,"LOMA DE PUERTA GRANDE","ALVARO OBREGON",4,2,21,"01640",22,.002830856,0,.0017036117,1
23,"TETELPAN","ALVARO OBREGON",4,4,23,"01700",8,.0070771412,.024221454,.021544315,1
23,"TETELPAN","ALVARO OBREGON",4,4,23,"01708",8,0,0,.0010287287,1
20,"LAS AGUILAS","ALVARO OBREGON",4,1,20,"01710",22,.049539987,.089965396,.026173668,1
20,"LOMAS DE LAS AGUILAS","ALVARO OBREGON",4,1,20,"01730",22,.010615711,.024221454,.012245637,1
20,"SAN CLEMENTE","ALVARO OBREGON",4,1,20,"01740",22,.031847134,.024221454,.0057319542,1
20,"AMPLIACION LAS AGUILAS","ALVARO OBREGON",4,1,20,"01759",22,.0049539991,.010380623,.0058095544,1
23,"ATLAMAYA","ALVARO OBREGON",4,4,23,"01760",8,.013446568,.013840831,.016286029,1
23,"OLIVAR DE LOS PADRES","ALVARO OBREGON",4,4,23,"01770",8,.005661713,.003460208,.016682414,1
23,"OLIVAR DE LOS PADRES","ALVARO OBREGON",4,4,23,"01780",8,.016277423,.031141868,.036732581,1
23,"OLIVAR DE LOS PADRES","ALVARO OBREGON",4,4,23,"01788",8,.0042462852,0,,
23,"LOMAS DE SAN ANGEL INN","ALVARO OBREGON",4,4,23,"01790",8,.025477707,.034602076,.0095475819,1
22,"SAN BARTOLO AMEYALCO","ALVARO OBREGON",4,3,22,"01800",8,.0099079972,.017301038,.054892108,1
24,"LOMAS DE LA ERA","ALVARO OBREGON",4,5,24,"01807",8,.000707714,0,.004292978,1
21,"LOMAS DE AXOMIATLA","ALVARO OBREGON",4,2,21,"01820",22,.011323425,.010380623,.017670708,1
22,"LAS AGUILAS","ALVARO OBREGON",4,,22,"01830",8,.0077848551,.013840831,.025554745,1
22,"TORRES DE POTRERO","ALVARO OBREGON",4,3,22,"01840",8,.0042462852,.006920415,.014852304,1
24,"LOMAS DE LA ERA","ALVARO OBREGON",4,5,24,"01860",8,0,0,.010668915,1
23,"TLACOPAC","ALVARO OBREGON",4,4,23,"01863",8,.002830856,0,.0016540332,1
22,"LA MAGDALENA CONTRERAS","MAGDALENA CONTRERAS",4,3,22,"01880",8,.001415428,0,,
20,"JARDINES DEL PEDREGAL","ALVARO OBREGON",4,1,20,"01900",22,.28874734,.35640138,.088550173,1
20,"JARDINES DEL PEDREGAL","ALVARO OBREGON",4,1,20,"01904",22,.021231422,.034602076,.0013625688,1
50,"CENTRO DE AZCAPOTZALCO","AZCAPOTZALCO",10,4,50,"02000",23,.031847134,.055363324,.0061408416,1
50,"SAN RAFAEL","AZCAPOTZALCO",10,4,50,"02010",23,.0077848551,.017301038,.0052609211,1
50,"","AZCAPOTZALCO",10,4,50,"02020",23,.036093418,.062283736,.01293719,1
50,"SAN SEBASTIAN","AZCAPOTZALCO",10,4,50,"02040",23,.019815994,.024221454,.0036436468,1
50,"SANTA MARIA MANINALCO","AZCAPOTZALCO",10,4,50,"02050",23,.021939136,.041522492,.0061932285,1
50,"UN HOGAR PARA CADA TRABAJADOR","AZCAPOTZALCO",10,4,50,"02060",23,.011323425,.017301038,.0051809307,1
50,"EL RECREO","AZCAPOTZALCO",10,4,50,"02070",23,.029016277,.05882353,.011357076,1
50,"CLAVERIA","AZCAPOTZALCO",10,4,50,"02080",23,.20736022,.18685122,.013703052,1
50,"SAN ALVARO","AZCAPOTZALCO",10,4,50,"02090",23,.0099079972,.020761246,.0052629611,1
50,"ANGEL ZIMBRON","AZCAPOTZALCO",10,4,50,"02099",23,.038924273,.017301038,.0034400828,1
47,"EL ROSARIO","AZCAPOTZALCO",10,1,47,"02100",24,.005661713,.006920415,.026474703,1
49,"SAN MARTIN XOCHINAHUAC","AZCAPOTZALCO",10,3,49,"02120",23,.016985139,.020761246,.023578182,1
49,"SAN MARTIN XOCHINAHUAC","AZCAPOTZALCO",10,3,49,"02128",23,.002830856,0,.0065830257,1
49,"NUEVA ESPAÃâA","AZCAPOTZALCO",10,3,49,"02129",23,.018400567,.010380623,.00093069498,1
52,"TIERRA NUEVA","AZCAPOTZALCO",10,6,52,"02130",23,.0021231419,.006920415,.0023535418,1
49,"PASTEROS","AZCAPOTZALCO",10,3,49,"02150",23,.002830856,.003460208,.0046434854,1
48,"SANTO DOMINGO","AZCAPOTZALCO",10,2,48,"02160",24,.001415428,.003460208,.0055840444,1
49,"NUEVA ROSARIO","AZCAPOTZALCO",10,3,49,"02200",23,.0077848551,.006920415,.0044781482,1
50,"SANTA BARBARA","AZCAPOTZALCO",10,4,50,"02230",23,.036801133,.041522492,.018840726,1
49,"PUEBLO DE SAN ANDRES","AZCAPOTZALCO",10,3,49,"02240",23,.0021231419,.003460208,.0069272891,1
47,"SANTA CATARINA","AZCAPOTZALCO",10,1,47,"02250",24,.0042462852,.003460208,.0038104546,1
47,"INDUSTRIAL VALLEJO","AZCAPOTZALCO",10,1,47,"02300",24,.40410474,.35294119,.058274616,1
47,"INDUSTRIAL VALLEJO","AZCAPOTZALCO",10,1,47,"02320",24,.0077848551,.003460208,.00096343382,1
51,"SANTA CRUZ DE LAS SALINAS","AZCAPOTZALCO",10,5,51,"02340",23,.014861995,.020761246,.0036376142,1
47,"INDUSTRIAL VALLEJO","AZCAPOTZALCO",10,1,47,"02360",24,.010615711,.017301038,.0043788934,1
49,"SAN JUAN TLIHUACA","AZCAPOTZALCO",10,3,49,"02400",23,.0092002833,.017301038,.011255752,1
49,"PRADOS DEL ROSARIO","AZCAPOTZALCO",10,3,49,"02410",23,.013446568,.013840831,.0053532328,1
47,"HACIENDA DEL ROSARIO EX EL ROSARIO","AZCAPOTZALCO",10,1,47,"02420",24,.016277423,.013840831,.015415723,1
48,"PROVIDENCIA","AZCAPOTZALCO",10,2,48,"02440",24,.014154281,.031141868,.013572829,1
49,"TEZOZOMOC","AZCAPOTZALCO",10,3,49,"02459",23,.000707714,.003460208,.0052202628,1
49,"LA PRECIOSA","AZCAPOTZALCO",10,3,49,"02460",23,.0035385699,.006920415,.0028034893,1
49,"PETROLERA","AZCAPOTZALCO",10,3,49,"02470",23,.0049539991,.006920415,.0018539709,1
49,"PETROLERA","AZCAPOTZALCO",10,3,49,"02480",23,.000707714,0,.0040275552,1
47,"SAN MATEO","AZCAPOTZALCO",10,1,47,"02490",24,.0077848551,.010380623,.0011110151,1
50,"SECTOR NAVAL","AZCAPOTZALCO",10,4,50,"02500",23,.017692853,.020761246,.0053836056,1
50,"EL JAGÃÅEY","AZCAPOTZALCO",10,4,50,"02510",23,0,0,,
50,"BARRIO DEL JAGUEY","AZCAPOTZALCO",10,4,50,"02519",23,.005661713,.013840831,.0033677577,1
50,"JARDIN DE AZPEITIA","AZCAPOTZALCO",10,4,50,"02520",23,.0063694268,.003460208,.025531907,1
50,"JARDIN AZPEITIA","AZCAPOTZALCO",10,4,50,"02530",23,.014154281,.024221454,.0033752013,1
51,"PRO HOGAR","AZCAPOTZALCO",10,5,51,"02600",23,.021939136,.038062282,.0094997911,1
51,"COLTONGO","AZCAPOTZALCO",10,5,51,"02630",23,.076433122,.05882353,.0078255972,1
51,"TRABAJADORES DEL HIERRO","AZCAPOTZALCO",10,5,51,"02650",23,.0063694268,.006920415,.0022350878,1
51,"EUZKADI","AZCAPOTZALCO",10,5,51,"02660",23,0,0,.003590476,1
50,"COSMOPOLITA","AZCAPOTZALCO",10,4,50,"02670",23,.0042462852,.003460208,.0015888894,1
49,"SAN MIGUEL AMANTLA","AZCAPOTZALCO",10,3,49,"02700",23,.000707714,0,.0069079367,1
49,"SAN PEDRO XALPA","AZCAPOTZALCO",10,3,49,"02710",23,.002830856,.006920415,.0066119214,1
49,"SAN PEDRO XALPA","AZCAPOTZALCO",10,3,49,"02719",23,.0070771412,.013840831,.011272003,1
50,"","AZCAPOTZALCO",10,4,50,"02720",23,.0021231419,.003460208,.008302588,1
50,"SAN FRANCISCO TETECALA","AZCAPOTZALCO",10,4,50,"02730",23,.027600849,.048442908,.0036092016,1
48,"SANTA LUCIA","AZCAPOTZALCO",10,2,48,"02760",24,.031847134,.051903114,.0063941511,1
50,"SANTA CRUZ ACAYUCAN","AZCAPOTZALCO",10,4,50,"02770",23,.014154281,.024221454,.001601829,1
48,"SAN LORENZO TLALTENANGO","MIGUEL HIDALGO",10,2,48,"02780",24,.0021231419,.003460208,.0024737243,1
50,"SANTA CRUZ ACAYUCAN","AZCAPOTZALCO",10,4,50,"02790",23,.029999999,.062283736,.0033142969,1
50,"NUEVA SANTA MARIA","AZCAPOTZALCO",10,4,50,"02800",23,.041047417,.069204152,.015368648,1
50,"VICTORIA","AZCAPOTZALCO",10,4,50,"02810",23,.15003538,.020761246,.0042618299,1
37,"DOCTORES","CUAUHTEMOC",7,4,37,"02820",7,0,0,,
50,"OBRERO POPULAR","AZCAPOTZALCO",10,4,50,"02840",23,.028308563,.041522492,.005161284,1
50,"TLATILCO","AZCAPOTZALCO",10,,50,"02860",23,.0099079972,.013840831,.0045007467,1
50,"SAN SALVADOR XOCHIMANCA","AZCAPOTZALCO",10,4,50,"02870",23,.017692853,.024221454,.0048626675,1
51,"AGUILERA","AZCAPOTZALCO",10,5,51,"02900",23,.001415428,.003460208,.0012079907,1
51,"ALDANA","AZCAPOTZALCO",10,,51,"02910",23,.000707714,0,.0020734956,1
51,"AGUILERA","AZCAPOTZALCO",10,5,51,"02930",23,.0035385699,.003460208,.001645623,1
51,"PORVENIR","AZCAPOTZALCO",10,5,51,"02940",23,.0021231419,0,.0022254675,1
51,"DEL GAS","AZCAPOTZALCO",10,,51,"02950",23,.0021231419,.006920415,.0049512172,1
51,"SAN FRANCISCO XOCOTITLA","AZCAPOTZALCO",10,5,51,"02960",23,.0049539991,.003460208,.0014555709,1
51,"AMPLIACION DEL GAS","AZCAPOTZALCO",10,5,51,"02970",23,.017692853,.024221454,.0048468863,1
51,"ARENAL","AZCAPOTZALCO",10,5,51,"02980",23,.01203114,.010380623,.0047564413,1
51,"","AZCAPOTZALCO",10,5,51,"02990",23,.0049539991,.006920415,.0032137574,1
36,"PIEDAD NARVARTE","BENITO JUAREZ",7,3,36,"03000",6,.1153574,.079584777,.0042316932,1
36,"ATENOR SALAS","BENITO JUAREZ",7,3,36,"03010",6,.0035385699,.010380623,.0013538001,1
36,"NARVARTE PONIENTE","BENITO JUAREZ",7,3,36,"03020",6,.19391365,.35294119,.024013113,1
36,"NARVARTE ORIENTE","BENITO JUAREZ",7,3,36,"03023",6,.18895966,.26297578,.024134226,1
40,"DEL VALLE","BENITO JUAREZ",8,2,40,"03100",18,.59801841,.62629759,.030042376,1
40,"DEL VALLE","BENITO JUAREZ",8,2,40,"03103",18,.50247699,.53633219,.021494256,1
40,"DEL VALLE","BENITO JUAREZ",8,2,40,"03104",18,.40835103,.45328718,.024072507,1
40,"TLACOQUEMECATL DEL VALLE","BENITO JUAREZ",8,2,40,"03200",18,.21797594,.22145329,.0073921275,1
40,"DEL VALLE","BENITO JUAREZ",8,2,40,"03220",18,.0021231419,0,,
39,"ACTIPAN","BENITO JUAREZ",8,1,39,"03230",20,.22009908,.069204152,.0029986505,1
39,"ACACIAS","BENITO JUAREZ",8,1,39,"03240",20,.084925689,.076124564,.0048676189,1
1,"PORTALES SUR","BENITO JUAREZ",1,1,1,"03300",1,.11111111,.14532872,.015366087,1
39,"PORTALES NORTE","BENITO JUAREZ",8,1,39,"03303",20,.050247699,.089965396,.018710332,1
39,"SANTA CRUZ ATOYAC","BENITO JUAREZ",8,1,39,"03310",20,.10757254,.11418685,.014762521,1
39,"SANTA CRUZ ATOYAC","BENITO JUAREZ",8,1,39,"03313",20,.01556971,.013840831,,
39,"RESIDENCIAL EMPERADORES","BENITO JUAREZ",8,1,39,"03320",20,.021939136,.020761246,.0017569122,1
1,"XOCO","BENITO JUAREZ",1,1,1,"03330",1,.10261855,.083044983,.0087522985,1
1,"GENERAL PEDRO MARIA ANAYA","BENITO JUAREZ",1,1,1,"03340",1,.0452937,.072664358,.0081064347,1
36,"ALAMOS","BENITO JUAREZ",7,3,36,"03400",6,.19745223,.23875433,.016678413,1
36,"POSTAL","BENITO JUAREZ",7,3,36,"03410",6,.002830856,.006920415,.0036816101,1
36,"MIGUEL ALEMAN","BENITO JUAREZ",7,3,36,"03420",6,.0042462852,.006920415,.00090792117,1
35,"JOSEFA ORTIZ DE DOMINGUEZ","BENITO JUAREZ",7,,35,"03430",9,.000707714,0,.00089651422,1
35,"NIÃâOS HEROES","BENITO JUAREZ",7,2,35,"03440",9,.019108281,.031141868,.0052334429,1
36,"NATIVITAS","BENITO JUAREZ",7,3,36,"03500",6,.032554846,.048442908,.0084204739,1
36,"MODERNA","BENITO JUAREZ",7,3,36,"03510",6,.036093418,.062283736,.0082832873,1
36,"IZTACCIHUATL","BENITO JUAREZ",7,3,36,"03520",6,.01556971,.020761246,.0026032783,1
36,"VILLA DE CORTEZ","BENITO JUAREZ",7,3,36,"03530",6,.0049539991,.010380623,.0025420471,1
39,"MARIA DEL CARMEN","BENITO JUAREZ",8,1,39,"03540",20,.020523708,.017301038,.0020874043,1
40,"ZACAHUITZCO","BENITO JUAREZ",8,2,40,"03550",18,.0021231419,.006920415,.0016447896,1
40,"ALBERT","BENITO JUAREZ",8,,40,"03560",18,.019815994,.010380623,.0023077927,1
40,"PORTALES ORIENTE","BENITO JUAREZ",8,2,40,"03570",18,.017692853,.027681662,.0044548889,1
40,"MIRAVALLE","BENITO JUAREZ",8,2,40,"03580",18,.0042462852,.003460208,.0019131494,1
2,"ERMITA","BENITO JUAREZ",1,2,2,"03590",15,.0042462852,.006920415,.0016452093,1
36,"VERTIZ NARVARTE","BENITO JUAREZ",7,3,36,"03600",6,.16206652,.11072665,.006793201,1
36,"AMERICAS UNIDAS","BENITO JUAREZ",7,3,36,"03610",6,.02406228,.013840831,.0033531799,1
36,"VERTIZ NARVARTE","BENITO JUAREZ",7,3,36,"03620",6,.0063694268,.010380623,.0012353366,1
36,"INDEPENDENCIA","BENITO JUAREZ",7,3,36,"03630",6,.032554846,.038062282,.0061304849,1
41,"AMERICAS UNIDAS","BENITO JUAREZ",8,3,41,"03640",20,.001415428,.003460208,.00032514244,1
40,"LETRAN VALLE","BENITO JUAREZ",8,2,40,"03650",18,.11606511,.12110727,.010300282,1
41,"SAN SIMON TICUMAC","BENITO JUAREZ",8,3,41,"03660",20,.10686482,.096885815,.00888428,1
21,"NONOALCO","BENITO JUAREZ",4,2,21,"03700",22,.12455768,.11072665,.0084367776,1
41,"CIUDAD DE LOS DEPORTES","BENITO JUAREZ",8,3,41,"03710",20,.073602267,.08650519,.0056323083,1
42,"NOCHEBUENA","BENITO JUAREZ",8,4,42,"03720",20,.0905874,.072664358,.0019549511,1
40,"SAN JUAN","BENITO JUAREZ",8,2,40,"03730",18,.029016277,.034602076,.0044090957,1
42,"EXTREMADURA INSURGENTES","BENITO JUAREZ",8,4,42,"03740",20,.077848546,.048442908,.0032767367,1
40,"SAN PEDRO DE LOS PINOS","BENITO JUAREZ",8,2,40,"03800",18,.20806794,.19723183,.013988243,1
41,"NAPOLES","BENITO JUAREZ",8,3,41,"03810",20,.54069358,.32525951,.013706618,1
40,"8 DE AGOSTO","BENITO JUAREZ",8,2,40,"03820",18,.02406228,.034602076,.001646027,1
41,"NAPOLES","BENITO JUAREZ",8,3,41,"03840",20,.1606511,.13494809,.0039288034,1
42,"SAN JOSE INSURGENTES","BENITO JUAREZ",8,4,42,"03900",20,.20028308,.13148789,.010283634,1
21,"MIXCOAC","BENITO JUAREZ",4,2,21,"03910",22,.060155697,.062283736,.0060548075,1
40,"INSURGENTES MIXCOAC","BENITO JUAREZ",8,2,40,"03920",18,.10332625,.11418685,.0077812877,1
21,"MERCED GOMEZ","BENITO JUAREZ",4,2,21,"03930",22,.0049539991,.003460208,.0014490479,1
39,"CREDITO CONSTRUCTOR","BENITO JUAREZ",8,1,39,"03940",20,.063694268,.069204152,.002148862,1
1,"","COYOACAN",1,,1,"04000",1,.030431706,.055363324,.0045985803,1
1,"SANTA CATARINA","COYOACAN",1,1,1,"04010",1,.041755132,.065743946,.013123906,1
6,"BARRIO LA CONCEPCION","COYOACAN",1,6,6,"04020",13,.0099079972,.013840831,.0041001779,1
1,"BARRIO SAN LUCAS","COYOACAN",1,1,1,"04030",1,.030431706,.027681662,.0057872855,1
1,"PARQUE SAN ANDRES","COYOACAN",1,1,1,"04040",1,.028308563,.041522492,.0083745979,1
1,"DEL CARMEN","COYOACAN",1,1,1,"04100",1,.11677282,.20415226,.03177293,1
1,"SAN DIEGO CHURUBUSCO","COYOACAN",1,1,1,"04120",1,.021939136,.027681662,.010062035,1
2,"CAMPESTRE CHURUBUSCO","COYOACAN",1,2,2,"04200",15,.041755132,.069204152,.025301179,1
2,"CHURUBUSCO COUNTRY CLUB","COYOACAN",1,2,2,"04210",15,.01203114,.010380623,.018623959,1
2,"PRADO CHURUBUSCO","COYOACAN",1,2,2,"04230",15,.023354564,.044982698,.012055259,1
2,"HERMOSILLO","COYOACAN",1,2,2,"04240",15,.0021231419,.003460208,.0009759168,1
2,"PASEOS DE TAXQUEÃâA","COYOACAN",1,2,2,"04250",15,.014154281,.024221454,.01840689,1
2,"SAN FRANCISCO CULHUACAN","COYOACAN",1,2,2,"04260",15,.046709128,.055363324,.018428592,1
2,"CAMPESTRE CHURUBUSCO","COYOACAN",1,2,2,"04270",15,0,0,,
1,"AJUSCO","COYOACAN",1,1,1,"04300",1,.062986553,.079584777,.035556406,1
1,"ROMERO DE TERREROS","COYOACAN",1,1,1,"04310",1,.059447981,.062283736,.020173565,1
1,"ROMERO DE TERREROS","COYOACAN",1,1,1,"04317",1,.001415428,0,,
1,"OXTOPULCO UNIVERSIDAD","COYOACAN",1,1,1,"04318",1,.01556971,.020761246,.0042334697,1
1,"SAN FRANCISCO","COYOACAN",1,1,1,"04320",1,.012738854,.024221454,.011845613,1
1,"","COYOACAN",1,1,1,"04330",1,.033970278,.051903114,.024574213,1
1,"COPILCO UNIVERSIDAD","COYOACAN",1,1,1,"04340",1,.0077848551,.013840831,.0041964906,1
1,"XOCO","BENITO JUAREZ",1,1,1,"04350",1,.0042462852,.006920415,,
1,"COPILCO","COYOACAN",1,,1,"04359",1,.005661713,0,,
1,"COPILCO UNIVERSIDAD","COYOACAN",1,1,1,"04360",1,.041755132,.072664358,.0070254463,1
1,"PEDREGAL DE SANTO DOMINGO","COYOACAN",1,1,1,"04369",1,.029723991,.062283736,.041117668,1
1,"CIUDAD JARDIN","COYOACAN",1,1,1,"04370",1,.02406228,.038062282,.0096264742,1
1,"EL ROSARIO","COYOACAN",1,1,1,"04380",1,.019108281,.034602076,.012531458,1
2,"EDUCACION","COYOACAN",1,2,2,"04400",15,.021939136,.048442908,.010315003,1
2,"PETROLERA TAXQUEÃâA","COYOACAN",1,2,2,"04410",15,.0021231419,.003460208,.0018756648,1
2,"SAN FRANCISCO CULHUACAN","COYOACAN",1,2,2,"04420",15,.020523708,.034602076,.010537321,1
2,"SAN FRANCISCO CULHUACAN","COYOACAN",1,2,2,"04440",15,.0021231419,.003460208,.009745216,1
2,"CENTINELA","COYOACAN",1,2,2,"04450",15,.002830856,.003460208,.0030747894,1
2,"AVANTE","COYOACAN",1,2,2,"04460",15,.024769993,.038062282,.015436049,1
2,"PRESIDENTES EJIDALES 1A SECCION","COYOACAN",1,2,2,"04470",15,.01556971,.024221454,.0090035303,1
5,"CULHUACAN","COYOACAN",1,5,5,"04480",13,.0035385699,.003460208,.01339962,1
2,"CARMEN SERDAN","COYOACAN",1,2,2,"04490",15,.001415428,.003460208,.0063823112,1
1,"JARDINES DEL PEDREGAL DE SAN ANGEL","COYOACAN",1,1,1,"04500",1,.019108281,.031141868,.013176085,1
1,"CU","COYOACAN",1,1,1,"04510",1,.002830856,.003460208,.10904936,1
4,"LA OTRA BANDA","COYOACAN",1,4,4,"04519",15,.0042462852,.003460208,.0014259628,1
1,"INSURGENTES CUICUILCO","COYOACAN",1,1,1,"04530",1,.033970278,.044982698,.013817535,1
1,"","COYOACAN",1,1,1,"04600",1,.021231422,.048442908,.030436547,1
1,"XOTEPINGO","COYOACAN",1,1,1,"04610",1,.014154281,.017301038,.0024065902,1
2,"SAN PABLO TEPETLAPA","COYOACAN",1,2,2,"04620",15,.014154281,.017301038,.0076930476,1
1,"ADOLFO RUIZ CORTINEZ","COYOACAN",1,1,1,"04630",1,.001415428,.003460208,.0090128751,1
1,"EL RELOJ","COYOACAN",1,1,1,"04640",1,.0084925694,.010380623,.0045876303,1
1,"SANTA URSULA COAPA","COYOACAN",1,1,1,"04650",1,.02264685,.013840831,.018223407,1
1,"PEDREGAL DE LA ZORRA","COYOACAN",1,,1,"04660",1,.0021231419,0,.0015915012,1
1,"PEDREGAL DE CARRASCO","COYOACAN",1,1,1,"04700",1,.02406228,.041522492,.018983236,1
1,"OLIMPICA","COYOACAN",1,1,1,"04710",1,.0070771412,.010380623,.0027385775,1
1,"PEDREGAL DE CARRASCO","COYOACAN",1,,1,"04718",1,0,0,,
1,"BOSQUES DE TETLAMEYA","COYOACAN",1,1,1,"04730",1,.021939136,.031141868,.0065168501,1
4,"EL CARACOL","COYOACAN",1,4,4,"04739",15,.017692853,.027681662,.002601821,1
2,"EX HACIENDA DE COAPA","COYOACAN",1,2,2,"04800",15,.0049539991,.013840831,.012831661,1
2,"PRADOS DE COYOACAN","",1,2,2,"04810",15,.0077848551,.006920415,.0040759472,1
2,"EMILIANO ZAPATA","COYOACAN",1,2,2,"04815",15,.01203114,.013840831,.0017952133,1
2,"EX HACIENDA COAPA","COYOACAN",1,2,2,"04830",15,.033970278,.044982698,.0044414042,1
1,"EX EJIDO SAN PABLO TEPETLAPA","COYOACAN",1,1,1,"04849",1,.001415428,0,,
2,"PRADOS DE COYOACAN","COYOACAN",1,2,2,"04870",15,.002830856,.003460208,.0075304811,1
2,"JARDINES DE COYOACAN","COYOACAN",1,2,2,"04890",15,.0092002833,.024221454,.0058780401,1
2,"EXHACIENDA COAPA","COYOACAN",1,2,2,"04899",15,.01203114,.020761246,.00333281,1
2,"UNIDAD CTM CULHUACAN SECC 9","COYOACAN",1,2,2,"04909",15,.0063694268,.013840831,.01767171,1
2,"CARMEN SERDAN","COYOACAN",1,2,2,"04910",15,.001415428,0,.0033886947,1
2,"RESIDENCIAL CAFETALES","COYOACAN",1,2,2,"04918",15,.05378627,.055363324,.0059464322,1
2,"LOS GIRASOLES","COYOACAN",1,2,2,"04920",15,.019108281,.031141868,.008734894,1
2,"COAPA LAS CAMPAÃâAS","COYOACAN",1,,2,"04929",15,.001415428,0,.00071473379,1
2,"CAMPESTRE COYOACAN","COYOACAN",1,2,2,"04938",15,.001415428,.003460208,.0030791156,1
2,"MIRADOR","COYOACAN",1,2,2,"04939",15,0,0,.0028823728,1
2,"CAMPESTRE COYOACAN","COYOACAN",1,2,2,"04940",15,.0049539991,.006920415,.0044255969,1
2,"EL MIRADOR","COYOACAN",1,2,2,"04950",15,.002830856,.003460208,.0025122743,1
2,"VILLA QUIETUD","COYOACAN",1,2,2,"04960",15,.002830856,.006920415,.0089819711,1
2,"","COYOACAN",1,2,2,"04970",15,.010615711,.024221454,.0037911718,1
2,"SANTA URSULA COAPA","COYOACAN",1,2,2,"04980",15,.026893135,.041522492,.021189619,1
28,"CUAJIMALPA","CUAJIMALPA DE MORELOS",5,4,28,"05000",3,.030431706,.044982698,.022635091,1
28,"LOMA DEL PADRE","CUAJIMALPA DE MORELOS",5,4,28,"05020",3,.001415428,0,.032627642,1
28,"CUAJIMALPA","CUAJIMALPA DE MORELOS",5,4,28,"05030",3,.0035385699,.010380623,.0055739693,1
26,"LOMAS DE VISTA HERMOSA","CUAJIMALPA DE MORELOS",5,2,26,"05100",3,.058740269,.08650519,.057847243,1
26,"COOPERATIVA PALO ALTO","CUAJIMALPA",5,2,26,"05110",3,.0035385699,.006920415,.0018466453,1
26,"GRANJAS PALO ALTO","CUAJIMALPA DE MORELOS",5,2,26,"05118",3,.039631989,.044982698,.0016655854,1
26,"CAMPESTRE PALO ALTO","CUAJIMALPA DE MORELOS",5,2,26,"05119",3,.019108281,.024221454,.0033167941,1
26,"BOSQUES DE LAS LOMAS","CUAJIMALPA DE MORELOS",5,2,26,"05120",3,.35314932,.25605536,.027190555,1
26,"LOMAS DEL CHAMIZAL","CUAJIMALPA DE MORELOS",5,2,26,"05129",3,.12809625,.11072665,.020564707,1
27,"SAN JOSE DE LOS CEDROS","CUAJIMALPA DE MORELOS",5,3,27,"05200",3,.016277423,.027681662,.010543216,1
26,"LOMAS DE VISTA HERMOSA","CUAJIMALPA DE MORELOS",5,2,26,"05214",3,.0035385699,.006920415,,
26,"GRANJAS NAVIDAD","CUAJIMALPA",5,,26,"05219",3,.005661713,.010380623,.0073781088,1
29,"EL MOLINO","CUAJIMALPA",5,5,29,"05240",25,0,0,.0031013533,1
29,"GRANJAS NAVIDAD","CUAJIMALPA DE MORELOS",5,,29,"05249",25,0,0,,
28,"CUAJIMALPA","CUAJIMALPA DE MORELOS",5,4,28,"05260",3,.0042462852,.006920415,.007880033,1
27,"MANZANAZTITLA","CUAJIMALPA DE MORELOS",5,,27,"05270",3,.000707714,0,.0011176382,1
27,"EL MOLINITO","CUAJIMALPA",5,3,27,"05310",3,0,0,.00026829398,1
27,"EL YAQUI","CUAJIMALPA DE MORELOS",5,3,27,"05320",3,.057324842,.05882353,.0071271881,1
27,"LOMAS DE MEMETLA","CUAJIMALPA DE MORELOS",5,3,27,"05330",3,.0021231419,.003460208,.0063927807,1
29,"LOMAS DE SANTA FE","CUAJIMALPA DE MORELOS",5,5,29,"05348",25,.73743808,.54325259,.062876061,1
27,"CRUZ MANCA","CUAJIMALPA",5,3,27,"05349",3,.011323425,.010380623,,
28,"LOCAXCO","CUAJIMALPA DE MORELOS",5,4,28,"05360",3,.000707714,0,.0015834077,1
29,"SANTA FE","CUAJIMALPA DE MORELOS",5,5,29,"05370",25,.0042462852,.003460208,.00096662663,1
27,"LOMAS DE MEMETLA","CUAJIMALPA DE MORELOS",5,3,27,"05379",3,0,0,.0012709919,1
28,"SAN LORENZO ACOPILCO","CUAJIMALPA DE MORELOS",5,4,28,"05410",3,.0084925694,.006920415,.051053181,1
28,"","CUAJIMALPA DE MORELOS",5,4,28,"05500",3,.016985139,.038062282,.050760437,1
27,"CRUZ MANCA","CUAJIMALPA DE MORELOS",5,3,27,"05600",3,.0042462852,.010380623,.052984312,1
28,"SAN ANGEL","ALVARO OBREGON",5,4,28,"05610",3,.000707714,0,.030132074,1
29,"PRADOS DE LA MONTAÃâA","CUAJIMALPA DE MORELOS",5,,29,"05619",25,.005661713,.006920415,,
29,"SAN MATEO TLALTENANGO","CUAJIMALPA DE MORELOS",5,5,29,"05620",25,.0035385699,.006920415,,
28,"SAN LORENZO ACOPILCO","CUAJIMALPA",5,4,28,"05710",3,.001415428,0,.011068291,1
44,"CENTRO","CUAUHTEMOC",9,2,44,"06000",10,.26256192,.38408303,.00684737,1
44,"CENTRO","CUAUHTEMOC",9,2,44,"06010",10,.087756544,.13148789,.0094765481,1
44,"CENTRO","CUAUHTEMOC",9,2,44,"06020",10,.11181883,.17993079,.012887621,1
46,"TABACALERA","CUAUHTEMOC",9,4,46,"06030",21,.21231422,.21799308,.0079102349,1
44,"CENTRO","CUAUHTEMOC",9,2,44,"06040",10,.050247699,.048442908,.0055198637,1
44,"CENTRO","CUAUHTEMOC",9,2,44,"06050",10,.12738854,.13494809,.0068823304,1
44,"CENTRO","CUAUHTEMOC",9,2,44,"06060",10,.13021939,.183391,.010027098,1
44,"CENTRO","CUAUHTEMOC",9,2,44,"06070",10,.029016277,.055363324,.0043603173,1
44,"CENTRO","CUAUHTEMOC",9,2,44,"06080",10,.10828026,.17993079,.0090917535,1
44,"CENTRO","CUAUHTEMOC",9,2,44,"06090",10,.0905874,.15916955,.0094966842,1
38,"HIPODROMO CONDESA","CUAUHTEMOC",7,5,38,"06100",7,.42958245,.50519031,.016815186,1
38,"CONDESA","CUAUHTEMOC",7,5,38,"06140",7,.097664542,.14186852,.0099943224,1
38,"HIPODROMO CONDESA","CUAUHTEMOC",7,5,38,"06170",7,.1104034,.12110727,.0053724954,1
45,"MORELOS","CUAUHTEMOC",9,3,45,"06200",19,.051663127,.062283736,.01786443,1
45,"PERALVILLO","CUAUHTEMOC",9,3,45,"06220",19,.017692853,.027681662,.013286326,1
45,"VALLE GOMEZ","CUAUHTEMOC",9,3,45,"06240",19,.0092002833,.013840831,.0029243273,1
45,"EX-HIPODROMO DE PERALVILLO","CUAUHTEMOC",9,3,45,"06250",19,.019815994,.048442908,.0097420318,1
45,"MAZA","CUAUHTEMOC",9,3,45,"06270",19,.000707714,0,.0013373161,1
45,"FELIPE PESCADOR","CUAUHTEMOC",9,3,45,"06280",19,.0035385699,.006920415,.0020799008,1
45,"GUERRERO","CUAUHTEMOC",9,3,45,"06300",19,.077140838,.10034602,.023316201,1
45,"BUENAVISTA","CUAUHTEMOC",9,3,45,"06350",19,.10615711,.11764706,.016432978,1
45,"SANTA MARIA LA RIBERA","CUAUHTEMOC",9,3,45,"06400",19,.13588111,.23875433,.027425477,1
45,"SANTA MARIA INSURGENTES","CUAUHTEMOC",9,3,45,"06430",19,.042462844,.044982698,.0067142127,1
45,"ATLAMPA","CUAUHTEMOC",9,3,45,"06450",19,.092710547,.08650519,.01677056,1
46,"SAN RAFAEL","CUAUHTEMOC",9,4,46,"06470",21,.25548479,.24913494,.015995201,1
46,"CUAUHTEMOC","CUAUHTEMOC",9,4,46,"06500",21,.64826608,.53633219,.018249089,1
43,"JUAREZ","CUAUHTEMOC",9,1,43,"06600",19,.87261146,.68166089,.022826415,1
35,"ROMA NORTE","CUAUHTEMOC",7,2,35,"06700",9,1,1,.036191046,1
35,"ROMA NORTE","CUAUHTEMOC",7,2,35,"06700",9,.001415428,0,.036191046,1
37,"DOCTORES","CUAUHTEMOC",7,4,37,"06720",7,.3963199,.45674741,.038259301,1
37,"DOCTORES","CUAUHTEMOC",7,4,37,"06728",7,0,0,,
34,"ROMA SUR","CUAUHTEMOC",7,1,34,"06760",9,.54423213,.43598616,.021173922,1
37,"BUENOS AIRES","CUAUHTEMOC",7,4,37,"06780",7,.0063694268,.010380623,.0050069713,1
37,"OBRERA","CUAUHTEMOC",7,4,37,"06800",7,.22222222,.28027681,.023874698,1
37,"TRANSITO","CUAUHTEMOC",7,4,37,"06820",7,.12668082,.10380623,.0094462214,1
37,"TRANSITO","CUAUHTEMOC",7,4,37,"06840",7,.0099079972,.017301038,.0024158498,1
37,"ASTURIAS","CUAUHTEMOC",7,4,37,"06850",7,.000707714,.003460208,.0041160672,1
37,"VISTA ALEGRE","CUAUHTEMOC",7,4,37,"06860",7,.021231422,.024221454,.003192184,1
37,"PAULINO NAVARRO","CUAUHTEMOC",7,4,37,"06870",7,.0092002833,.010380623,.0028769958,1
37,"ALGARIN","CUAUHTEMOC",7,4,37,"06880",7,.041755132,.079584777,.0057010823,1
37,"AMPLIACION ASTURIAS","CUAUHTEMOC",7,4,37,"06890",7,.027600849,.041522492,.0047706482,1
45,"","CUAUHTEMOC",9,3,45,"06900",19,.0077848551,.024221454,.014259641,1
45,"SAN SIMON TOLNAHUAC","CUAUHTEMOC",9,3,45,"06920",19,.01556971,.027681662,.0076247798,1
16,"ARAGON LA VILLA","GUSTAVO A MADERO",3,2,16,"07000",14,.012738854,.020761246,.0066364696,1
16,"SANTA ISABEL TOLA","GUSTAVO A MADERO",3,2,16,"07010",14,.033970278,.062283736,.025231706,1
16,"TEPEYAC INSURGENTES","GUSTAVO A MADERO",3,2,16,"07020",14,.060863413,.083044983,.01176834,1
16,"NUEVA ATZACOALCO","GUSTAVO A MADERO",3,2,16,"07040",14,.025477707,.034602076,.0060257637,1
15,"VILLA GUSTAVO A MADERO","GUSTAVO A MADERO",3,1,15,"07050",16,.012738854,.017301038,.0088683162,1
16,"ARAGON","GUSTAVO A MADERO",3,,16,"07058",14,.0049539991,0,.00200468,1
16,"","GUSTAVO A MADERO",3,2,16,"07070",14,.0084925694,.013840831,.012851545,1
16,"ATZACOALCO CTM","GUSTAVO A MADERO",3,2,16,"07090",14,.0099079972,.024221454,.013200103,1
16,"CUAUTEPEC DE MADERO","GUSTAVO A MADERO",3,,16,"07100",14,.001415428,0,.0075649242,1
16,"VALLE DE MADERO","GUSTAVO A MADERO",3,,16,"07140",14,.005661713,.003460208,.014041705,1
16,"LOMA LA PALMA","GUSTAVO A MADERO",3,,16,"07160",14,.0042462852,.003460208,.017147502,1
16,"PALMATITLA","GUSTAVO A MADERO",3,,16,"07170",14,0,0,.0067272871,1
16,"ESTRELLA","GUSTAVO A MADERO",3,2,16,"07199",14,0,0,.0037898961,1
16,"CUAUTEPEC DE MADERO","GUSTAVO A MADERO",3,,16,"07200",14,.0035385699,.006920415,.0079523362,1
16,"GUADALUPE VICTORIA I","GUSTAVO A MADERO",3,,16,"07209",14,.002830856,.003460208,.00071660546,1
16,"CHALMA DE GUADALUPE","GUSTAVO A MADERO",3,,16,"07210",14,.0049539991,0,.028964503,1
16,"ZONA ESCOLAR","GUSTAVO A MADERO",3,,16,"07230",14,.0042462852,.006920415,.015446791,1
16,"AMPLIACION CASTILLO GRANDE CUATEPEC BARRIO BAJO","GUSTAVO A MADERO",3,,16,"07259",14,0,0,.0017070234,1
16,"SOLIDARIDAD NACIONAL","GUSTAVO A MADERO",3,,16,"07268",14,.002830856,.006920415,.0050243479,1
16,"EL ARBOLILLO","GUSTAVO A MADERO",3,,16,"07269",14,0,0,,
15,"RESIDENCIAL ACUEDUCTO DE GUADALUPE","GUSTAVO A MADERO",3,1,15,"07270",16,.023354564,.020761246,.0082440032,1
16,"ACUEDUCTO DE GUADALUPE","GUSTAVO A MADERO",3,,16,"07279",14,.0035385699,.006920415,.007181983,1
16,"JORGE NEGRETE","GUSTAVO A MADERO",3,,16,"07280",14,.0063694268,.010380623,.010554151,1
16,"LA PASTORA","GUSTAVO A MADERO",3,,16,"07290",14,.005661713,.010380623,.0073296647,1
15,"LINDAVISTA","GUSTAVO A MADERO",3,1,15,"07300",16,.18259023,.25605536,.035317384,1
16,"CANDELARIA TICOMAN","GUSTAVO A MADERO",3,,16,"07310",14,0,0,.007459674,1
15,"LA ESCALERA","GUSTAVO A MADERO",3,1,15,"07320",16,.019815994,.031141868,.013257815,1
15,"SANTA MARIA TICOMAN","GUSTAVO A MADERO",3,1,15,"07330",16,.01203114,.017301038,.0054726973,1
15,"SAN JOSE TICOMAN","GUSTAVO A MADERO",3,1,15,"07340",16,.014861995,.013840831,.014080972,1
15,"RESIDENCIAL ZACATENCO","GUSTAVO A MADERO",3,1,15,"07359",16,.002830856,.003460208,.003484467,1
15,"RESIDENCIAL ZACATENCO","GUSTAVO A MADERO",3,1,15,"07369",16,.026185421,.038062282,.01331672,1
15,"CAPULTITLAN","GUSTAVO A MADERO",3,1,15,"07370",16,.011323425,.024221454,.0036175924,1
15,"","GUSTAVO A MADERO",3,1,15,"07380",16,.0049539991,.013840831,.0048501692,1
16,"GRANJAS MODERNAS","GUSTAVO A MADERO",3,2,16,"07400",14,.016277423,.010380623,.0052070105,1
16,"VILLA HERMOSA","GUSTAVO A MADERO",3,2,16,"07410",14,.026185421,.010380623,.0073517547,1
16,"NUEVA ATZACOALCO","GUSTAVO A MADERO",3,2,16,"07420",14,.0021231419,.006920415,.029411456,1
16,"OBRERO","GUSTAVO A MADERO",3,,16,"07430",14,0,0,.0025285585,1
16,"VASCO DE QUIROGA","GUSTAVO A MADERO",3,2,16,"07440",14,.002830856,.006920415,.0083507104,1
16,"DM NACIONAL SAN PEDRO EL CHICO","GUSTAVO A MADERO",3,2,16,"07450",14,.0092002833,.013840831,.0099287806,1
16,"COYOL","GUSTAVO A MADERO",3,,16,"07456",14,0,0,.000085832093,1
16,"GRANJAS MODERNAS","GUSTAVO A MADERO",3,2,16,"07460",14,.060155697,.031141868,.0061843526,1
16,"CONSTITUCION DE LA REPUBLICA","GUSTAVO A MADERO",3,2,16,"07469",14,.002830856,.006920415,.008664526,1
16,"AMPLIACION SAN JUAN DE ARAGON","GUSTAVO A MADERO",3,2,16,"07470",14,.038216561,.055363324,.0090502212,1
16,"SAN PEDRO EL CHICO","GUSTAVO A MADERO",3,2,16,"07480",14,.0035385699,.006920415,.0065510189,1
16,"LA PRADERA","GUSTAVO A MADERO",3,2,16,"07500",14,.0042462852,.010380623,.0063576247,1
16,"SAN FELIPE DE JESUS","GUSTAVO A MADERO",3,2,16,"07510",14,.014861995,.027681662,.033743881,1
16,"25 DE JULIO","GUSTAVO A MADERO",3,2,16,"07520",14,.001415428,.003460208,.0037176609,1
16,"CAMPESTRE ARAGON","GUSTAVO A MADERO",3,2,16,"07530",14,.0042462852,.003460208,.015092555,1
16,"PROVIDENCIA","GUSTAVO A MADERO",3,2,16,"07550",14,.0035385699,.006920415,.015569111,1
16,"VILLA DE ARAGON","GUSTAVO A MADERO",3,,16,"07570",14,.0021231419,.003460208,.0045944457,1
16,"AMPLIACION CASAS ALEMAN","GUSTAVO A MADERO",3,2,16,"07580",14,.0084925694,.010380623,.015683042,1
16,"PROGRESO NACIONAL","GUSTAVO A MADERO",3,,16,"07600",14,.0070771412,.013840831,.011063284,1
15,"SANTA ROSA","GUSTAVO A MADERO",3,1,15,"07620",16,.023354564,.038062282,.0095535386,1
15,"SAN JOSE DE LA ESCALERA","GUSTAVO A MADERO",3,,15,"07630",16,.025477707,.044982698,.006190422,1
15,"SANTIAGO ATEPETLAC","GUSTAVO A MADERO",3,,15,"07640",16,0,0,.0027560645,1
16,"PROGRESO NACIONAL","GUSTAVO A MADERO",3,,16,"07650",14,.001415428,0,.0044122837,1
16,"GUADALUPE PROLETARIA","GUSTAVO A MADERO",3,,16,"07670",14,0,0,.0053926525,1
16,"GUADALUPE PROLETARIA","GUSTAVO A MADERO",3,,16,"07680",14,.000707714,0,.0022289718,1
15,"NUEVA INDUSTRIAL VALLEJO","GUSTAVO A MADERO",3,1,15,"07700",16,.11606511,.13148789,.058998268,1
15,"SIETE MARAVILLAS","GUSTAVO A MADERO",3,1,15,"07707",16,.0077848551,.017301038,.0047128596,1
15,"TORRES DE LINDA VISTA","GUSTAVO A MADERO",3,1,15,"07708",16,.01556971,.017301038,.005605136,1
15,"LINDAVISTA VALLEJO","GUSTAVO A MADERO",3,1,15,"07720",16,.001415428,0,.0011204527,1
15,"SAN BARTOLO ATEPEHUACAN","GUSTAVO A MADERO",3,1,15,"07730",16,.033262562,.044982698,.011808188,1
15,"NUEVA INDUSTRIAL VALLEJO","GUSTAVO A MADERO",3,1,15,"07739",16,.001415428,.003460208,.0020015906,1
15,"VALLE DEL TEPEYAC","GUSTAVO A MADERO",3,1,15,"07740",16,0,0,.0021435311,1
15,"NUEVA VALLEJO","GUSTAVO A MADERO",3,1,15,"07750",16,.038924273,.072664358,.01450766,1
15,"LINDAVISTA VALLEJO","GUSTAVO A MADERO",3,1,15,"07755",16,.000707714,0,.0034457387,1
15,"MAGDALENA DE LAS SALINAS","GUSTAVO A MADERO",3,1,15,"07760",16,.08846426,.11072665,.023126546,1
15,"AMPLIACION PANAMERICANA","GUSTAVO A MADERO",3,1,15,"07770",16,.0099079972,.010380623,.0032769945,1
15,"DEFENSORES DE LA REPUBLICA","GUSTAVO A MADERO",3,1,15,"07780",16,.0092002833,.010380623,.0050817719,1
15,"VALLEJO PONIENTE","GUSTAVO A MADERO",3,1,15,"07790",16,.029016277,.038062282,.0061747553,1
16,"INDUSTRIAL","GUSTAVO A MADERO",3,2,16,"07800",14,.073602267,.096885815,.01926304,1
16,"ESTRELLA","GUSTAVO A MADERO",3,2,16,"07810",14,.019108281,.027681662,.0090065794,1
16,"TRES ESTRELLAS","GUSTAVO A MADERO",3,2,16,"07820",14,.012738854,.027681662,.0077103465,1
16,"GERTRUDIS SANCHEZ","GUSTAVO A MADERO",3,2,16,"07830",14,.001415428,0,.0019496619,1
16,"GERTRUDIS SANCHEZ 2A SECCION","GUSTAVO A MADERO",3,2,16,"07838",14,.0070771412,.017301038,.0063078357,1
16,"GERTRUDIS SANCHEZ","GUSTAVO A MADERO",3,2,16,"07839",14,.014154281,.003460208,.0069518485,1
16,"GUADALUPE TEPEYAC","GUSTAVO A MADERO",3,2,16,"07840",14,.038216561,.051903114,.015632665,1
16,"BONDOJITO","GUSTAVO A MADERO",3,2,16,"07850",14,.029016277,.034602076,.007840964,1
16,"BONDOJITO","GUSTAVO A MADERO",3,2,16,"07858",14,.002830856,.003460208,.0010982655,1
16,"MARTIRES DE RIO BLANCO","GUSTAVO A MADERO",3,2,16,"07859",14,.001415428,.003460208,.0014724904,1
16,"TABLAS DE SAN AGUSTIN","GUSTAVO A MADERO",3,2,16,"07860",14,.010615711,.013840831,.0049615176,1
16,"VALLEJO","GUSTAVO A MADERO",3,2,16,"07870",14,.084217973,.096885815,.021634307,1
15,"DEFENSORES DE LA REPUBLICA","GUSTAVO A MADERO",3,1,15,"07880",16,.0077848551,.010380623,.0042916113,1
18,"LA JOYA","GUSTAVO A MADERO",3,4,18,"07890",14,.0070771412,.013840831,.014401476,1
16,"MALINCHE","GUSTAVO A MADERO",3,2,16,"07899",14,.0063694268,.006920415,.002189867,1
16,"CUCHILLA DEL TESORO","GUSTAVO A MADERO",3,2,16,"07900",14,.0021231419,.006920415,.0083049489,1
16,"","GUSTAVO A MADERO",3,2,16,"07918",14,.002830856,.006920415,.011180545,1
16,"SAN JUAN DE RAGON","GUSTAVO A MADERO",3,2,16,"07919",14,.0021231419,.006920415,.0024440642,1
16,"EX EJIDO SAN JUAN DE ARAGON","GUSTAVO A MADERO",3,2,16,"07920",14,.002830856,0,.03604978,1
16,"HEROES DE CHAPULTEPEC","GUSTAVO A MADERO",3,2,16,"07939",14,0,0,.0017098382,1
16,"SAN JUAN DE ARAGON","GUSTAVO A MADERO",3,2,16,"07940",14,.000707714,0,.0048819114,1
16,"SAN JUAN DE ARAGON","GUSTAVO A MADERO",3,2,16,"07950",14,.016277423,.034602076,.014001067,1
16,"","GUSTAVO A MADERO",3,2,16,"07960",14,.0021231419,.003460208,.0045873569,1
16,"SAN JUAN DE ARAGON II SECCION","GUSTAVO A MADERO",3,2,16,"07969",14,.021231422,.051903114,.04216658,1
16,"","GUSTAVO A MADERO",3,2,16,"07970",14,.011323425,.017301038,.014009397,1
16,"SAN JUAN DE ARAGON","GUSTAVO A MADERO",3,2,16,"07979",14,.021231422,.020761246,.016771402,1
16,"U H NARCISO BASSOLS","GUSTAVO A MADERO",3,2,16,"07980",14,.0021231419,.006920415,.008581941,1
16,"","GUSTAVO A MADERO",3,2,16,"07990",14,.002830856,.006920415,.0048622526,1
13,"GABRIEL RAMOS MILLAN SECCION BRAMADERO","IZTACALCO",2,6,13,"08000",12,.0084925694,.010380623,.011804452,1
13,"EX-EJIDO DE LA MAGDALENA MIXHUCA","IZTACALCO",2,,13,"08010",12,.0021231419,.006920415,.0015296742,1
8,"","IZTACALCO",2,1,8,"08020",11,.002830856,.006920415,.0030057575,1
9,"CENTRAL DE ABASTO","IZTAPALAPA",2,2,9,"08030",2,.005661713,.010380623,.0031120293,1
13,"AGRICOLA PANTITLAN","IZTACALCO",2,6,13,"08100",12,.13800424,.16955018,.05377898,1
13,"AGRICOLA PANTITLAN","IZTACALCO",2,6,13,"08188",12,.002830856,0,,
10,"VIADUCTO PIEDAD","IZTACALCO",2,3,10,"08200",11,.05378627,.072664358,.0085081356,1
10,"NUEVA SANTA ANITA","IZTACALCO",2,,10,"08210",11,.0452937,.010380623,.0019782693,1
10,"BARRIO SAN PEDRO","IZTACALCO",2,3,10,"08220",11,.020523708,.031141868,.0057421885,1
10,"SAN FRANCISCO XILCANTONGO","IZTACALCO",2,3,10,"08230",11,.010615711,.020761246,.0020280653,1
10,"SAN FRANCISCO XICALTONGO","IZTACALCO",2,,10,"08240",11,.018400567,.003460208,.002566576,1
10,"SANTA ANITA","IZTACALCO",2,,10,"08300",11,.051663127,.031141868,.0088259354,1
9,"LA CRUZ","IZTACALCO",2,2,9,"08310",2,.04317056,.051903114,.0037211971,1
13,"GRANJAS MEXICO","IZTACALCO",2,6,13,"08400",12,.3920736,.36332181,.062931605,1
8,"AGRICOLA ORIENTAL","IZTACALCO",2,1,8,"08500",11,.17975938,.26297578,.073047347,1
8,"EL RODEO","IZTACALCO",2,,8,"08510",11,.002830856,.006920415,.0036718289,1
8,"AGRICOLA ORIENTAL","IZTACALCO",2,1,8,"08580",11,0,0,,
8,"BARRIO LA ASUNCION","IZTACALCO",2,,8,"08600",11,.0021231419,.003460208,.0021164683,1
14,"BARRIO DE ZAPOTLA","IZTACALCO",2,7,14,"08610",2,.0092002833,.010380623,.0039254287,1
10,"BARRIO DE LOS REYES","IZTACALCO",2,,10,"08620",11,.013446568,.020761246,.0041810465,1
10,"BARRIO SAN MIGUEL","IZTACALCO",2,3,10,"08650",11,.014154281,.017301038,.0029268423,1
8,"JUVENTINO ROSAS","IZTACALCO",2,,8,"08700",11,.014154281,.013840831,.0084688338,1
8,"RAMOS MILLAN","IZTACALCO",2,,8,"08720",11,.010615711,.006920415,.0043064854,1
8,"AMPLIACION GABRIEL RAMOS MILLAN","IZTACALCO",2,1,8,"08730",11,.0021231419,.003460208,.0057372861,1
8,"INPI LOS PICOS","IZTACALCO",2,,8,"08760",11,.0092002833,.003460208,.0039574741,1
8,"SANTIAGO SUR","IZTACALCO",2,,8,"08800",11,.0084925694,.013840831,.0067587192,1
10,"REFORMA IZTACCIHUATL NORTE","IZTACALCO",2,3,10,"08810",11,.017692853,.020761246,.0069318735,1
9,"MILITAR MARTE","IZTACALCO",2,2,9,"08830",2,.023354564,.034602076,.010543828,1
9,"REFORMA IZTACCIHUATL SUR","IZTACALCO",2,,9,"08840",2,.0092002833,.017301038,.0037093123,1
9,"","IZTACALCO",2,2,9,"08900",2,.0063694268,.010380623,.011551689,1
9,"","IZTACALCO",2,,9,"08910",2,.0035385699,.003460208,.0010342901,1
9,"JARDINES TECMA","IZTACALCO",2,,9,"08920",2,.0021231419,0,.00096192368,1
10,"CAMPAMENTO 2 DE OCTUBRE","IZTACALCO",2,3,10,"08930",11,.0099079972,.010380623,.010523928,1
10,"GUADALUPE DEL MORAL","IZTAPALAPA",2,3,10,"09000",11,.38853502,.12456747,.044427145,1
10,"FRACCIONAMIENTO INDUSTRIAL DEL MORAL","IZTAPALAPA",2,3,10,"09010",11,0,0,.0038802342,1
8,"DR ALFONSO ORTIZ TIRADO","IZTAPALAPA",2,1,8,"09020",11,.038924273,.034602076,.008172622,1
8,"PASEOS DE CHURUBUSCO","IZTAPALAPA",2,1,8,"09030",11,.016277423,.020761246,.0088697113,1
9,"CENTRAL DE ABASTO","IZTAPALAPA",2,2,9,"09040",2,.14791225,.23529412,.051934559,1
11,"SECTOR POPULAR","IZTAPALAPA",2,4,11,"09060",2,.032554846,.062283736,.020068737,1
11,"GRANJAS SAN ANTONIO","IZTAPALAPA",2,4,11,"09070",2,.10757254,.11764706,.012771922,1
11,"EMPERADOR CACAMA","IZTAPALAPA",2,4,11,"09080",2,.0042462852,.010380623,.0027697303,1
11,"UNIDAD MODELO","IZTAPALAPA",2,4,11,"09089",2,.005661713,.006920415,.0083544478,1
11,"HEROES DE CHURUBUSCO","IZTAPALAPA",2,4,11,"09090",2,.024769993,.024221454,.0048435563,1
11,"MEXICALTZINGO","IZTAPALAPA",2,4,11,"09099",2,.013446568,.010380623,.0038200042,1
8,"JUAN ESCUTIA","IZTAPALAPA",2,1,8,"09100",11,.041047417,.055363324,.02388382,1
8,"SAN LORENZO XICOTENCATL","IZTAPALAPA",2,1,8,"09130",11,.0021231419,0,.004747435,1
13,"SANTA MARTHA ACATITLA NORTE","IZTAPALAPA",2,6,13,"09140",12,.016985139,.034602076,.038106181,1
13,"UNIDAD HABITACIONAL VICENTE GUERRERO","IZTAPALAPA",2,,13,"09200",12,0,0,.025958758,1
13,"RENOVACION","IZTAPALAPA",2,6,13,"09207",12,.019815994,.020761246,,
13,"CHINAM PAC DE JUAREZ","IZTAPALAPA",2,6,13,"09208",12,.021231422,.027681662,.078289181,1
13,"RENOVACION","IZTAPALAPA",2,6,13,"09209",12,.002830856,.003460208,.010278957,1
13,"TEPALCATES","IZTAPALAPA",2,6,13,"09210",12,.032554846,.044982698,.01490689,1
13,"EJERCITO DE ORIENTE","IZTAPALAPA",2,,13,"09239",12,.001415428,0,.010029334,1
13,"","IZTAPALAPA",2,6,13,"09240",12,.0042462852,.010380623,.0085799443,1
10,"CONSTITUCION DE 1917","IZTAPALAPA",2,3,10,"09260",11,.0084925694,.017301038,.015385763,1
13,"COLONIAL IZTAPALAPA","IZTAPALAPA",2,6,13,"09270",12,.001415428,.006920415,.0046717706,1
13,"JACARANDAS","IZTAPALAPA",2,6,13,"09280",12,.013446568,.013840831,.0066740112,1
13,"SANTA CRUZ MEYEHUALCO","IZTAPALAPA",2,6,13,"09290",12,.01203114,.020761246,.043493066,1
10,"GUADALUPE DEL MORAL","IZTAPALAPA",2,3,10,"09300",11,.044585988,.05882353,.020471226,1
10,"LEYES DE REFORMA 1A SECCION","IZTAPALAPA",2,3,10,"09310",11,.065109693,.10034602,.043684348,1
10,"FRACCIONAMIENTO INDUSTRIAL DEL MORAL","IZTAPALAPA",2,3,10,"09319",11,.077140838,.11072665,.0029544584,1
10,"SIDERAL","IZTAPALAPA",2,,10,"09320",11,.0021231419,0,.0013967756,1
10,"GUADALUPE DEL MORAL","IZTAPALAPA",2,3,10,"09330",11,0,0,,
10,"SAN MIGUEL","IZTAPALAPA",2,3,10,"09360",11,.046709128,.055363324,.023188516,1
10,"EL SIFON","IZTAPALAPA",2,3,10,"09400",11,.030431706,.051903114,.011605979,1
9,"ACULCO","IZTAPALAPA",2,2,9,"09410",2,.012738854,.034602076,.016283832,1
9,"NUEVA ROSITA","IZTAPALAPA",2,2,9,"09420",2,.014154281,.013840831,.0040696566,1
10,"PURISIMA ATLAZOLPA","IZTAPALAPA",2,3,10,"09429",11,.012738854,.024221454,.0014879095,1
10,"APATLACO","IZTAPALAPA",2,3,10,"09430",11,.040339705,.051903114,.0099150799,1
9,"AMPLIACION EL TRIUNFO","IZTAPALAPA",2,,9,"09438",2,.002830856,.003460208,.0031380632,1
9,"SAN ANDRES TETEPILCO","IZTAPALAPA",2,2,9,"09440",2,.070771411,.11764706,.022794032,1
9,"EL BANDIJAL","IZTAPALAPA",2,2,9,"09450",2,.0063694268,.010380623,.0039191609,1
9,"JUSTO SIERRA","IZTAPALAPA",2,,9,"09460",2,.010615711,.013840831,.0020574685,1
9,"SINATEL","IZTAPALAPA",2,2,9,"09470",2,.025477707,.020761246,.0031610029,1
9,"AMPLIACION SINATEL","IZTAPALAPA",2,,9,"09479",2,.0035385699,.003460208,.0043585729,1
9,"PRADO","IZTAPALAPA",2,2,9,"09480",2,.019108281,.020761246,.0031585554,1
13,"SANTA MARIA AZTAHUACAN","IZTAPALAPA",2,6,13,"09500",12,.043878272,.069204152,.020319106,1
13,"SANTA MARTHA ACATITLA","IZTAPALAPA",2,6,13,"09510",12,.031847134,.051903114,.02232202,1
13,"SAN SEBASTIAN TECOLOXTITLA","IZTAPALAPA",2,6,13,"09520",12,.0063694268,.006920415,.0084401527,1
13,"SANTA MARTHA ACATITLA","IZTAPALAPA",2,6,13,"09530",12,.029016277,.055363324,.024224749,1
13,"PARAJE ZACATEPEC","IZTAPALAPA",2,,13,"09560",12,0,0,.0072320076,1
13,"SANTA MARIA AZTAHUACAN","IZTAPALAPA",2,6,13,"09570",12,.065817408,.08650519,.038449839,1
13,"","IZTAPALAPA",2,6,13,"09578",12,.0021231419,.003460208,.011324213,1
13,"SANTA MARTHA ACATITLA","IZTAPALAPA",2,6,13,"09600",12,.000707714,0,.0067469692,1
13,"SEGUNDA AMPLIACION SANTIAGO ACAHUALTEPEC","IZTAPALAPA",2,6,13,"09608",12,0,0,.0043687434,1
13,"","IZTAPALAPA",2,6,13,"09609",12,.005661713,.010380623,.014267264,1
13,"LOMAS DE ZARAGOZA","IZTAPALAPA",2,,13,"09620",12,0,0,.011804959,1
10,"AMPLIACION BARRIO SAN MIGUEL","IZTAPALAPA",2,3,10,"09630",11,.001415428,0,.04187214,1
8,"CAMPESTRE POTRERO","IZTAPALAPA",2,1,8,"09637",11,.002830856,.003460208,.036712095,1
14,"AMPLIACION EMILIANO ZAPATA","IZTAPALAPA",2,7,14,"09638",2,0,0,.0081130052,1
13,"","IZTAPALAPA",2,6,13,"09640",12,.02264685,.034602076,.047266338,1
13,"CITLALLI","IZTAPALAPA",2,6,13,"09660",12,.0063694268,.013840831,.0070239729,1
13,"LA ERA","IZTAPALAPA",2,,13,"09680",12,0,0,.010021404,1
9,"LOS CIPRESES","IZTAPALAPA",2,2,9,"09696",2,0,0,.028550036,1
13,"DESARROLLO URBANO QUETZALCOATL","IZTAPALAPA",2,6,13,"09700",12,.046001416,.089965396,.077549301,1
13,"SANTA MARIA AZTAHUACAN","IZTAPALAPA",2,6,13,"09706",12,.0077848551,.006920415,.001567696,1
13,"FRANCISCO VILLA","IZTAPALAPA",2,6,13,"09720",12,.0099079972,.017301038,.013332942,1
13,"REFORMA POLITICA","IZTAPALAPA",2,6,13,"09730",12,.010615711,.020761246,.013891606,1
14,"LA HERA","IZTAPALAPA",2,7,14,"09740",2,.0049539991,.010380623,.0081860926,1
14,"LAS PEÃâAS","IZTAPALAPA",2,,14,"09750",2,.0049539991,.010380623,.017482821,1
14,"CONSEJO AGRARISTA MEXICANO","IZTAPALAPA",2,7,14,"09760",2,.0084925694,.013840831,.01585423,1
14,"PUENTE BLANCO","IZTAPALAPA",2,7,14,"09770",2,.000707714,.003460208,.0046183462,1
14,"LOMAS DE SAN LORENZO","IZTAPALAPA",2,7,14,"09780",2,.014861995,.034602076,.025901018,1
14,"SAN LORENZO TEZONCO","IZTAPALAPA",2,7,14,"09790",2,.0035385699,.006920415,.034571286,1
12,"PUEBLO CULHUACAN","IZTAPALAPA",2,5,12,"09800",12,.062986553,.072664358,.037368506,1
12,"GRANJAS ESMERALDA","IZTAPALAPA",2,5,12,"09810",12,.11181883,.11418685,.015289483,1
8,"VALLE DEL SUR","IZTAPALAPA",2,1,8,"09819",11,.030431706,.031141868,.0061390721,1
12,"SANTA ISABEL INDUSTRIAL","IZTAPALAPA",2,5,12,"09820",12,.038216561,.069204152,.016218835,1
8,"RICARDO FLORES MAGON","IZTAPALAPA",2,1,8,"09828",11,.002830856,.003460208,.002188345,1
12,"AMPLIACION EL SANTUARIO","IZTAPALAPA",2,,12,"09829",12,.01203114,.003460208,.0042277183,1
12,"PARAJE SAN JUAN","IZTAPALAPA",2,5,12,"09830",12,.046001416,.062283736,.030870771,1
12,"","IZTAPALAPA",2,5,12,"09837",12,.012738854,.010380623,.0033248579,1
12,"EL MANTO","IZTAPALAPA",2,5,12,"09838",12,.0077848551,.006920415,.0022045134,1
12,"PARAJE SAN JUAN","IZTAPALAPA",2,,12,"09839",12,.0021231419,0,.0050180438,1
12,"LOA REYES CULHUACAN","IZTAPALAPA",2,5,12,"09840",12,.000707714,0,.0055044866,1
12,"AMPLIACION LOS REYES CULHUACAN","IZTAPALAPA",2,5,12,"09849",12,0,0,.0064516156,1
12,"SAN JUAN XALPA","IZTAPALAPA",2,5,12,"09850",12,.020523708,.048442908,.046470519,1
12,"EL MANTO","IZTAPALAPA",2,5,12,"09858",12,.000707714,0,.0052882466,1
12,"CERRO DE LA ESTRELLA","IZTAPALAPA",2,5,12,"09860",12,.058740269,.076124564,.059037548,1
12,"CERRO DE LA ESTRELLA","IZTAPALAPA",2,5,12,"09864",12,.0021231419,0,,
10,"SANTA MARIA TOMATLAN","IZTAPALAPA",2,3,10,"09870",11,.01203114,.017301038,.013920762,1
12,"EL VERGEL","IZTAPALAPA",2,5,12,"09880",12,.047416843,.076124564,.030579844,1
12,"CERRO DE LA ESTRELLA","IZTAPALAPA",2,5,12,"09889",12,0,0,,
12,"LOMAS ESTRELLA SEGUNDA SECCION","IZTAPALAPA",2,5,12,"09890",12,.02264685,.031141868,.018458366,1
12,"LOMAS ESTRELLA","IZTAPALAPA",2,5,12,"09897",12,.000707714,0,.00249809,1
14,"EJIDOS DEL MORAL","IZTAPALAPA",2,7,14,"09900",2,.026893135,.05882353,.017816227,1
11,"LA ESPERANZA","IZTAPALAPA",2,4,11,"09910",2,.024769993,.031141868,.008778627,1
14,"","IZTAPALAPA",2,7,14,"09920",2,.011323425,.013840831,.010407722,1
8,"EL ROSARIO","IZTAPALAPA",2,1,8,"09930",11,.000707714,0,.0053701047,1
14,"SAN LORENZO TEZONCO","IZTAPALAPA",2,7,14,"09960",2,.001415428,0,.019903829,1
11,"CUAUHTEMOC","CUAUHTEMOC",2,4,11,"09970",2,.005661713,.003460208,.0107314,1
22,"LOMAS QUEBRADAS","MAGDALENA CONTRERAS",4,3,22,"10000",8,.0063694268,.010380623,.0066098217,1
22,"SAN BARTOLO AMEYALCO","MAGDALENA CONTRERAS",4,3,22,"10010",8,.000707714,0,.0082330024,1
22,"SAN JERONIMO LIDICE","MAGDALENA CONTRERAS",4,3,22,"10200",8,.087756544,.13148789,.05304049,1
22,"SAN BERNABE OCOTEPEC","MAGDALENA CONTRERAS",4,3,22,"10300",8,.011323425,.010380623,.012586897,1
22,"EL ROSAL","MAGDALENA CONTRERAS",4,3,22,"10320",8,0,0,.0049519436,1
22,"LOS PADRES","MAGDALENA CONTRERAS",4,,22,"10340",8,0,0,.0038048006,1
22,"LOMAS DE SAN BERNABE","MAGDALENA CONTRERAS",4,3,22,"10350",8,.000707714,0,.0060044955,1
22,"PUEBLO NUEVO ALTO","MAGDALENA CONTRERAS",4,3,22,"10360",8,.0021231419,0,.0041767792,1
22,"BARROS SIERRA","MAGDALENA CONTRERAS",4,,22,"10380",8,0,0,.0027915558,1
22,"SAN JERONIMO ACULCO","MAGDALENA CONTRERAS",4,3,22,"10400",8,.089171976,.05882353,.0088286167,1
22,"","MAGDALENA CONTRERAS",4,3,22,"10500",8,.0084925694,.013840831,.010574911,1
22,"BARRANCA SECA","MAGDALENA CONTRERAS",4,3,22,"10580",8,.0042462852,.003460208,.0036825917,1
22,"EL ROSAL","MAGDALENA CONRTRERAS",4,3,22,"10600",8,.0021231419,0,.0049552694,1
22,"EL TORO","MAGDALENA CONTRERAS",4,3,22,"10610",8,.0035385699,.003460208,.004240585,1
22,"PUEBLO NUEVO BAJO","MAGDALENA CONTRERAS",4,,22,"10640",8,0,0,.01477287,1
22,"HEROES DE PADIERNA","MAGDALENA CONTRERAS",4,3,22,"10700",8,.019815994,.020761246,.005448217,1
22,"SANTA TERESA","MAGDALENA CONTRERAS",4,3,22,"10710",8,.000707714,0,.0043855943,1
22,"SAN NICOLAS TOTOLAPAN","MAGDALENA CONTRERAS",4,,22,"10900",8,.01203114,.010380623,.047852587,1
22,"PUEBLO LA MAGDALENA CONTRERAS","MAGDALENA CONTRERAS",4,3,22,"10910",8,.001415428,0,.0036970256,1
33,"LOMAS DE CHAPULTEPEC","MIGUEL HIDALGO",6,4,33,"11000",17,.87827319,.97923875,.094186194,1
30,"MOLINO DEL REY","MIGUEL HIDALGO",6,1,30,"11040",5,.016277423,.013840831,.00026314543,1
31,"BOSQUE DE CHAPULTEPEC II SECCION","MIGUEL HIDALGO",6,2,31,"11100",4,.001415428,.003460208,.068856701,1
47,"","MIGUEL HIDALGO",10,1,47,"11200",24,.079971693,.083044983,.0099604419,1
48,"SAN LORENZO TLALTENANGO","MIGUEL HIDALGO",10,2,48,"11210",24,.0092002833,.006920415,.030045928,1
48,"PERIODISTA","MIGUEL HIDALGO",10,2,48,"11220",24,.059447981,.062283736,.0038993945,1
48,"ARGENTINA PONIENTE","MIGUEL HIDALGO",10,2,48,"11230",24,.038924273,.038062282,.018070903,1
48,"IGNACIO MANUEL ALTAMIRANO","MIGUEL HIDALGO",10,2,48,"11240",24,.0035385699,0,.00057670998,1
48,"10 DE ABRIL","MIGUEL HIDALGO",10,2,48,"11250",24,.014861995,.013840831,.00063845678,1
48,"","",10,,48,"11260",24,.0021231419,.003460208,.01257094,1
48,"","MIGUEL HIDALGO",10,2,48,"11270",24,.000707714,.003460208,.0046847765,1
48,"TORRE BLANCA","MIGUEL HIDALGO",10,2,48,"11280",24,.005661713,.010380623,.0042766547,1
48,"AMPLIACION TORRE BLANCA","MIGUEL HIDALGO",10,,48,"11289",24,.000707714,.003460208,.001910083,1
47,"VERONICA ANZURES","MIGUEL HIDALGO",10,1,47,"11300",24,.10828026,.12110727,.0068654781,1
32,"","MIGUEL HIDALGO",6,3,32,"11310",4,.010615711,.017301038,.0019328664,1
47,"ANAHUAC","MIGUEL HIDALGO",10,1,47,"11320",24,.25831565,.34602076,.024454433,1
50,"UN HOGAR PARA NOSOTROS","MIGUEL HIDALGO",10,,50,"11330",23,.0042462852,.003460208,.0039436091,1
50,"SANTO TOMAS","MIGUEL HIDALGO",10,4,50,"11360",23,.005661713,.003460208,.0044072885,1
47,"TLAXPANA","MIGUEL HIDALGO",10,1,47,"11370",24,.0077848551,.017301038,.0048633981,1
47,"POPOTLA","MIGUEL HIDALGO",10,1,47,"11400",24,.03113942,.048442908,.014628867,1
47,"TACUBA","MIGUEL HIDALGO",10,1,47,"11410",24,.08846426,.10380623,.012746398,1
47,"NEXTITLA","MIGUEL HIDALGO",10,1,47,"11420",24,.01556971,.013840831,.0030606084,1
51,"PENSIL NORTE","MIGUEL HIDALGO",10,,51,"11430",23,.0084925694,.003460208,.005188318,1
51,"ANAHUAC II SECCION","MIGUEL HIDALGO",10,5,51,"11440",23,.01203114,.017301038,.0060821883,1
51,"ANAHUAC","MIGUEL HIDALGO",10,5,51,"11450",23,.058032554,.079584777,.0049554608,1
50,"ANAHUAC","MIGUEL HIDALGO",10,4,50,"11460",23,.026893135,.044982698,.0055087698,1
47,"","MIGUEL HIDALGO",10,1,47,"11470",24,.005661713,.017301038,.0033788499,1
47,"","MIGUEL HIDALGO",10,,47,"11479",24,.0049539991,.003460208,,
30,"FRANCISCO I MADERO","MIGUEL HIDALGO",6,1,30,"11480",5,.023354564,.017301038,.0028192871,1
47,"AMPLIACION POPO","MIGUEL HIDALGO",10,1,47,"11489",24,.0084925694,.010380623,.00027933472,1
47,"PENSIL SUR","MIGUEL HIDALGO",10,1,47,"11490",24,.04317056,.051903114,.0037695828,1
30,"IRRIGACION","MIGUEL HIDALGO",6,1,30,"11500",5,.11181883,.11072665,.012797546,1
30,"POLANCO V SECCION","MIGUEL HIDALGO",6,,30,"11506",5,0,0,,
30,"LOS MORALES POLANCO","MIGUEL HIDALGO",6,1,30,"11510",5,.28237793,.26989618,.0053302725,1
32,"GRANADA","MIGUEL HIDALGO",6,3,32,"11520",4,.4274593,.30103806,.015922591,1
32,"AMPLIACION GRANADA","MIGUEL HIDALGO",6,3,32,"11529",4,.25265393,.083044983,.006410562,1
30,"POLANCO II SECCION","MIGUEL HIDALGO",6,1,30,"11530",5,.20594479,.24567474,.008893935,1
30,"POLANCO III SECCION","MIGUEL HIDALGO",6,1,30,"11540",5,.44939843,.36332181,.010847627,1
30,"POLANCO IV SECCION","MIGUEL HIDALGO",6,1,30,"11550",5,.4069356,.39446366,.010382925,1
31,"POLANCO V SECCION","MIGUEL HIDALGO",6,2,31,"11560",4,.74876148,.78200692,.015933279,1
31,"POLANCO V SECCION","MIGUEL HIDALGO",6,2,31,"11570",4,.0021231419,.003460208,,
31,"RINCON DEL BOSQUE","MIGUEL HIDALGO",6,2,31,"11580",4,.016277423,.020761246,.04230231,1
47,"ANZURES","MIGUEL HIDALGO",10,1,47,"11590",24,.44161358,.49134949,.012329211,1
31,"MERCED GOMEZ","MIGUEL HIDALGO",6,2,31,"11600",4,.0035385699,.003460208,.010985161,1
30,"LOMAS DE SOTELO","MIGUEL HIDALGO",6,1,30,"11610",5,0,0,.011611148,1
30,"LOMAS DE SOTELO","MIGUEL HIDALGO",6,1,30,"11619",5,.0099079972,.010380623,.015935445,1
30,"REFORMA SOCIAL","MIGUEL HIDALGO",6,1,30,"11650",5,.066525124,.069204152,.0042927139,1
26,"BOSQUES DE LAS LOMAS","MIGUEL HIDALGO",5,2,26,"11700",3,.12668082,.20069204,.046681434,1
27,"ESCANDON","MIGUEL HIDALGO",5,3,27,"11800",3,.18259023,.31141868,.019531017,1
28,"16 DE SEPTIEMBRE","MIGUEL HIDALGO",5,4,28,"11810",3,.017692853,.024221454,.001903779,1
25,"AMERICA","MIGUEL HIDALGO",5,1,25,"11820",25,.02264685,.017301038,.0031314038,1
25,"DANIEL GARZA","MIGUEL HIDALGO",5,1,25,"11830",25,.019815994,.031141868,.0025602647,1
25,"DANIEL GARZA","MIGUEL HIDALGO",5,1,25,"11840",25,.0099079972,.017301038,.0041932808,1
25,"SAN MIGUEL CHAPULTEPEC","MIGUEL HIDALGO",5,1,25,"11850",25,.16702053,.30103806,.014439547,1
25,"OBSERVATORIO","MIGUEL HIDALGO",5,1,25,"11860",25,.01203114,.024221454,.0057572373,1
25,"TACUBAYA","MIGUEL HIDALGO",5,1,25,"11870",25,.036093418,.055363324,.0089666368,1
26,"LOMAS DE BEZARES","MIGUEL HIDALGO",5,2,26,"11910",3,.041047417,.062283736,.012537486,1
28,"LOMAS DE CHAPULTEPEC","MIGUEL HIDALGO",5,4,28,"11920",3,.0070771412,.010380623,.0051413714,1
26,"LOMAS DE REFORMA","MIGUEL HIDALGO",5,2,26,"11930",3,.012738854,.017301038,.0054353382,1
26,"LOMAS ALTAS","MIGUEL HIDALGO",5,2,26,"11950",3,.13305025,.05882353,.021825103,1
6,"VILLA MILPA ALTA","MILPA ALTA",1,6,6,"12000",13,.005661713,.006920415,.043674421,1
6,"PUEBLO SAN PEDRO ATOCPAN","MILPA ALTA",1,6,6,"12200",13,.0035385699,.003460208,.021138856,1
13,"LA ASUNCION","TLAHUAC",2,6,13,"13000",12,.0063694268,.006920415,.0045231828,1
13,"SANTA CECILIA","TLAHUAC",2,,13,"13010",12,.001415428,.003460208,.0085132644,1
14,"SAN JOSE TLAHUAC","TLAHUAC",2,7,14,"13020",2,.002830856,.003460208,.044941742,1
8,"","TLAHUAC",2,1,8,"13040",11,.0063694268,.006920415,.0050500548,1
8,"LA HABANA","TLAHUAC",2,,8,"13050",11,.001415428,.003460208,.038080152,1
8,"LOS REYES","TLAHUAC",2,1,8,"13080",11,.000707714,0,.0040665022,1
14,"","",2,7,14,"13100",2,.000707714,.003460208,.02397483,1
14,"SANTA CATARINA YECAHUITZOTL","TLAHUAC",2,7,14,"13120",2,.0049539991,.006920415,.0099880863,1
8,"SANTA CATARINA TLAHUAC","TLAHUAC",2,1,8,"13150",11,.001415428,0,.0036057327,1
14,"SANTA CATARINA YECAHUIZOTL","TLAHUAC",2,7,14,"13180",2,.0084925694,.003460208,.029196709,1
14,"MIGUEL HIDALGO","TLAHUAC",2,7,14,"13200",2,.014861995,.027681662,.01875435,1
9,"LOS OLIVOS","TLAHUAC",2,2,9,"13210",2,.019108281,.017301038,.0093222093,1
14,"LAS ARBOLEDAS","TLAHUAC",2,7,14,"13219",2,.016277423,.020761246,.01679299,1
14,"LA NOPALERA","TLAHUAC",2,7,14,"13220",2,.0092002833,.017301038,.0063427086,1
9,"LOS OLIVOS","TLAHUAC",2,2,9,"13250",2,.0035385699,0,.0016445537,1
14,"DEL MAR","TLAHUAC",2,7,14,"13270",2,.0049539991,.010380623,.021833021,1
14,"LA DRAGA","TLAHUAC",2,7,14,"13273",2,.0049539991,.010380623,.022164455,1
14,"","TLAHUAC",2,7,14,"13300",2,.0092002833,.020761246,.047710393,1
14,"","TLAHUAC",2,7,14,"13310",2,.000707714,.003460208,.0033502472,1
14,"AMPLIACION LOS OLIVOS","IZTAPALAPA",2,,14,"13314",2,.000707714,0,,
14,"SANTIAGO ZAPOTITLA","TLAHUAC",2,,14,"13316",2,.0042462852,0,,
14,"AMPLIACION JOSE LOPEZ PORTILLO","TLAHUAC",2,7,14,"13318",2,0,0,,
14,"LA ESTACION","TLAHUAC",2,7,14,"13319",2,.002830856,.003460208,.0069001508,1
14,"","TLAHUAC",2,7,14,"13360",2,.026185421,.044982698,.042373583,1
8,"SAN FRANCISCO TLALTENCO","TLAHUAC",2,1,8,"13400",11,.0042462852,.010380623,.017861223,1
12,"","IZTAPALAPA",2,5,12,"13419",12,.000707714,.003460208,.11058427,1
14,"SELENE","TLAHUAC",2,7,14,"13420",2,.0070771412,.010380623,.025765598,1
14,"PUEBLO SAN JUAN IXTAYOPAN BARRIO LA ASUNCION","TLAHUAC",2,,14,"13530",2,.000707714,0,.019971725,1
14,"OLIVAR SANTA MARIA","TLAHUAC",2,,14,"13546",2,.0063694268,0,.01805223,1
6,"PUEBLO SAN ANTONIO TECOMITL","MILPA ALTA",1,,6,"13550",13,.002830856,.003460208,.05279588,1
6,"SAN AGUSTIN","TLAHUAC",1,,6,"13630",13,.000707714,0,.0030312112,1
4,"TLALPAN CENTRO","TLALPAN",1,4,4,"14000",15,.075017691,.12802768,.026978616,1
3,"PARQUE DEL PEDREGAL","TLALPAN",1,3,3,"14010",13,.013446568,.024221454,.0078874258,1
4,"TLALPAN LA JOYA","TLALPAN",1,4,4,"14020",15,.033262562,.027681662,.0039905631,1
4,"ISIDRO FABELA","TLALPAN",1,4,4,"14030",15,.0063694268,.006920415,.009766941,1
4,"TORILLOGUERRA","TLALPAN",1,,4,"14039",15,.000707714,0,.0013309971,1
4,"GRANJAS COAPA","TLALPAN",1,4,4,"14049",15,.005661713,.013840831,.0014622476,1
4,"TORIELLO GUERRA","TLALPAN",1,4,4,"14050",15,.058032554,.065743946,.01360367,1
4,"PEÃâA POBRE","TLALPAN",1,4,4,"14060",15,.0042462852,.006920415,.0073571112,1
4,"SAN FERNANDO","TLALPAN",1,4,4,"14070",15,.0042462852,.003460208,.0057306215,1
1,"BELISARIO DOMINGUEZ SECCION XVI","TLALPAN",1,1,1,"14080",1,.01556971,.034602076,.012898442,1
4,"LA JOYA","TLALPAN",1,4,4,"14090",15,.027600849,.017301038,.0040323953,1
3,"PEDREGAL DE SAN NICOLAS 4TA SECCION","TLALPAN",1,3,3,"14100",13,.012738854,.020761246,.047607567,1
3,"FUENTES DEL PEDREGAL","TLALPAN",1,3,3,"14110",13,.021939136,.031141868,.025602376,1
3,"RINCON DEL PEDREGAL","TLALPAN",1,3,3,"14120",13,.001415428,0,.001438452,1
3,"UNIDAD EMILIO PORTES GIL","TLALPAN",1,3,3,"14130",13,.000707714,0,,
2,"FUENTES DEL PEDREGAL","TLALPAN",1,2,2,"14140",15,.0035385699,.006920415,.010264304,1
3,"LOS FRAMBOLLANES","TLALPAN",1,,3,"14150",13,.0049539991,0,.0038237569,1
3,"POPULAR SANTA TERESA","TLALPAN",1,3,3,"14160",13,0,0,.0047059879,1
3,"HEROES DE PADIERNA","TLALPAN",1,3,3,"14200",13,.037508845,.044982698,.035807215,1
3,"HEROES DE PADIERNA","TLALPAN",1,3,3,"14208",13,.0063694268,.006920415,.0024043815,1
3,"JARDINES EN LA MONTAÃâA","TLALPAN",1,3,3,"14210",13,.24486907,.16262975,.013905942,1
3,"LOS ENCINOS","TLALPAN",1,3,3,"14239",13,0,0,.0021052689,1
3,"LOMAS DE PADIERNA","TLALPAN",1,3,3,"14240",13,.019815994,.038062282,.023472125,1
3,"AMPLIACION MIGUEL HIDALGO","TLALPAN",1,3,3,"14250",13,.018400567,.038062282,.046742491,1
7,"","TLALPAN",1,7,7,"14260",1,.001415428,.006920415,.0061622174,1
7,"MIGUEL HIDALGO 1 SECCION","TLALPAN",1,7,7,"14267",1,.002830856,.006920415,.0019127494,1
3,"LA LONJA","TLALPAN",1,3,3,"14268",13,.0049539991,.006920415,.002019861,1
2,"BARRIO LA FAMA","TLALPAN",1,,2,"14269",15,.000707714,0,.002377545,1
1,"VISTAS DEL PEDREGAL","TLALPAN",1,1,1,"14275",1,.001415428,0,.0031427592,1
2,"NUEVA ORIENTAL COAPA","TLALPAN",1,2,2,"14300",15,.01556971,.031141868,.0064507844,1
2,"EX HACIENDA COAPA","TLAPAN",1,2,2,"14308",15,.0035385699,.003460208,.0027117459,1
2,"GIRASOLES III","TLALPAN",1,2,2,"14310",15,.0042462852,.003460208,.0046747308,1
2,"VERGEL COAPA","TLALPAN",1,2,2,"14320",15,0,0,.0015348941,1
2,"GRANJAS COAPA","TLALPAN",1,2,2,"14325",15,.0063694268,.013840831,.0040219291,1
2,"","TLALPAN",1,2,2,"14326",15,.0070771412,.017301038,.0043311669,1
2,"TENORIOS FOVISSSTE","TLALPAN",1,,2,"14329",15,.000707714,0,,
2,"GRANJAS COAPA","TLALPAN",1,2,2,"14330",15,.021231422,.031141868,.011267707,1
2,"COAPA","TLALPAN",1,2,2,"14334",15,.000707714,0,,
2,"GRANJAS COAPA","XOCHIMILCO",1,2,2,"14336",15,.002830856,0,,
2,"EX HACIENDA COAPA","TLALPAN",1,2,2,"14340",15,.005661713,.006920415,.0068365694,1
2,"PRADO COAPA PRIMERA SECCION","TLALPAN",1,,2,"14350",15,.000707714,0,.0018320582,1
2,"","TLALPAN",1,2,2,"14357",15,.012738854,.020761246,.010362478,1
2,"MAGISTERIAL","TLALPAN",1,2,2,"14360",15,.0092002833,.017301038,.0052718516,1
1,"SAN LORENZO HUIPULCO","TLALPAN",1,1,1,"14370",1,.050247699,.10726643,.019607387,1
2,"ARBOLEDAS DEL SUR","TLALPAN",1,2,2,"14376",15,.0035385699,.006920415,.0061128316,1
2,"SAN BARTOLO EL CHICO","TLALPAN",1,2,2,"14380",15,.0035385699,.006920415,.0063818879,1
2,"RANCHO COLORINES","TLALPAN",1,2,2,"14386",15,.016985139,.010380623,.0019394383,1
2,"CHIMALI","TLALPAN",1,2,2,"14387",15,.0077848551,.013840831,.0052019474,1
2,"","TLALPAN",1,2,2,"14389",15,.000707714,.003460208,.0061785853,1
2,"EX HACIENDA COAPA","TLALPAN",1,2,2,"14390",15,.035385706,.069204152,.022722008,1
3,"SAN ANDRES TOTOLTEPEC","TLALPAN",1,3,3,"14400",13,.010615711,.017301038,.05290905,1
4,"TLALPAN","TLALPAN",1,4,4,"14410",15,.0077848551,.003460208,.010973045,1
3,"SANTA URSULA XITLA","TLALPAN",1,3,3,"14420",13,.024769993,.038062282,.023040144,1
3,"TLALCOLIGIA","TLALPAN",1,3,3,"14430",13,.0021231419,.003460208,.0034845253,1
5,"PUEBLO SAN MIGUEL AJUSCO","TLALPAN",1,5,5,"14480",13,.000707714,0,.027931424,1
2,"","TLALPAN",1,,2,"14490",15,.0021231419,.003460208,.025058515,1
2,"NARCIZO MENDOZA","TLALPAN",1,2,2,"14500",15,.0021231419,.003460208,.13896024,1
5,"SAN MIGUEL TEHUISCO","TLALPAN",1,5,5,"14520",13,0,0,.056449283,1
4,"ARENAL TEPEPAN","TLALPAN",1,4,4,"14600",15,.0099079972,.013840831,.0052592433,1
4,"CLUB DE GOLF MEXICO","TLALPAN",1,4,4,"14609",15,.000707714,0,.00044393193,1
4,"","TLALPAN",1,4,4,"14610",15,.0063694268,.006920415,.0075021372,1
4,"","TLALPAN",1,4,4,"14620",15,.005661713,.017301038,.016100757,1
4,"CHIMALCOYOTL","TLALPAN",1,4,4,"14630",15,.005661713,.013840831,.013199377,1
4,"EJIDOS DE SAN PEDRO MARTIR","TLALPAN",1,4,4,"14640",15,.002830856,.003460208,.012381217,1
4,"FUENTES DE TEPEPAN","TLALPAN",1,4,4,"14643",15,.0049539991,.006920415,.0097325835,1
4,"SAN PEDRO MARTIR","TLALPAN",1,4,4,"14650",15,.018400567,.024221454,.028512925,1
6,"SAN MATEO XALPA","XOCHIMILCO",1,6,6,"14655",13,.000707714,0,.00050226343,1
3,"SAN ANDRES TOTOLTEPEC","TLALPAN",1,3,3,"14659",13,.001415428,.003460208,.0063986387,1
5,"","TLALPAN",1,5,5,"14700",13,.0021231419,.003460208,.11273987,1
4,"TLALPAN","TLALPAN",1,4,4,"14710",15,.000707714,0,.14316109,1
3,"LOMAS DE CUILOTEPEC","TLALPAN",1,3,3,"14737",13,.0021231419,0,.0016865754,1
3,"RINCON DEL MIRADOR I","TLALPAN",1,3,3,"14748",13,.0021231419,0,.0046462975,1
3,"TRES DE MAYO","TLALPAN",1,,3,"14760",13,.001415428,0,.19945227,1
6,"PARRES EL GUARDA","TLALPAN",1,6,6,"14900",13,0,0,.019937888,1
18,"IGNACIO ZARAGOZA","VENUSTIANO CARRANZA",3,4,18,"15000",14,.033970278,.041522492,.015615294,1
16,"VALENTIN GOMEZ FARIAS","VENUSTIANO CARRANZA",3,2,16,"15010",14,.005661713,.003460208,.0049442463,1
18,"PUEBLA","VENUSTIANO CARRANZA",3,4,18,"15020",14,.013446568,.013840831,.0063502407,1
17,"MERCED BALBUENA","VENUSTIANO CARRANZA",3,3,17,"15100",16,.042462844,.062283736,.014117695,1
17,"JANITZIO","VENUSTIANO CARRANZA",3,3,17,"15200",16,.0021231419,.006920415,.0018099506,1
17,"VALLE GOMEZ","VENUSTIANO CARRANZA",3,3,17,"15210",16,.0035385699,.010380623,.0050899652,1
17,"POPULAR RASTRO","VENUSTIANO CARRANZA",3,3,17,"15220",16,.029016277,.027681662,.0065920958,1
17,"MICHOACANA","VENUSTIANO CARRANZA",3,3,17,"15240",16,.000707714,0,.0019791857,1
17,"MORELOS","VENUSTIANO CARRANZA",3,3,17,"15270",16,.01556971,.017301038,.012892941,1
17,"10 DE MAYO","VENUSTIANO CARRANZA",3,3,17,"15290",16,.0035385699,0,.0026655188,1
17,"20 DE NOVIEMBRE","VENUSTIANO CARRANZA",3,3,17,"15300",16,.014154281,.020761246,.0094330339,1
17,"20 DE NOVIEMBRE","VENUSTIANO CARRANZA",3,3,17,"15309",16,.0049539991,.010380623,.0058915894,1
17,"20 DE NOVIEMBRE","VENUSTIANO CARRANZA",3,3,17,"15310",16,.000707714,0,.0034212396,1
17,"AZTECA","VENUSTIANO CARRANZA",3,3,17,"15320",16,.0070771412,0,.0012802354,1
17,"AQUILES SERDAN","VENUSTIANO CARRANZA",3,3,17,"15339",16,0,0,.0014825329,1
17,"20 DE NOVIEMBRE","VENUSTIANO CARRANZA",3,3,17,"15340",16,.000707714,0,.002252762,1
17,"MADERO","VENUSTIANO CARRANZA",3,,17,"15370",16,.000707714,0,.0013644176,1
17,"","VENUSTIANO CARRANZA",3,,17,"15390",16,.0092002833,.010380623,.0042895088,1
17,"ROMERO RUBIO","VENUSTIANO CARRANZA",3,3,17,"15400",16,.002830856,.003460208,.0099435449,1
17,"SIMON BOLIVAR","VENUSTIANO CARRANZA",3,3,17,"15410",16,.005661713,.006920415,.0039190017,1
17,"AMPLIACION SIMON BOLIVAR","VENUSTIANO CARRANZA",3,,17,"15420",16,.001415428,0,.0016210608,1
17,"AQUILES SERDAN","VENUSTIANO CARRANZA",3,3,17,"15430",16,.0084925694,.010380623,.0061746342,1
17,"PRIMERO DE MAYO","VENUSTIANO CARRANZA",3,,17,"15440",16,0,0,.0015571688,1
17,"DAMIAN CARMONA","VENUSTIANO CARRANZA",3,3,17,"15450",16,.0021231419,0,.0016968234,1
17,"MOCTEZUMA PRIMERA SECCION","VENUSTIANO CARRANZA",3,3,17,"15500",16,.0092002833,.013840831,.0094956085,1
18,"PENSADOR MEXICANO","VENUSTIANO CARRANZA",3,4,18,"15510",14,.046709128,.079584777,.014224797,1
18,"PEÃâON DE LOS BAÃâOS","VENUSTIANO CARRANZA",3,4,18,"15520",14,.055201698,.079584777,.010124119,1
18,"MOCTEZUMA SEGUNDA SECCION","VENUSTIANO CARRANZA",3,4,18,"15530",14,.13729653,.22145329,.038555194,1
18,"SANTA CRUZ AVIACION","VENUSTIANO CARRANZA",3,4,18,"15540",14,.02264685,.006920415,.0021291315,1
18,"","VENUSTIANO CARRANZA",3,,18,"15600",14,.0021231419,.003460208,.0037103815,1
18,"CUCHILLA PANTITLAN","VENUSTIANO CARRANZA",3,4,18,"15610",14,.001415428,.003460208,.0049441261,1
18,"PEÃâON DE LOS BAÃâOS","VENUSTIANO CARRANZA",3,4,18,"15620",14,.076433122,.10034602,.11172832,1
18,"CARACOL","VENUSTIANO CARRANZA",3,4,18,"15630",14,0,0,.0038107068,1
18,"","VENUSTIANO CARRANZA",3,,18,"15640",14,.0021231419,.003460208,.020426819,1
18,"IGNACIO ZARAGOZA","VENUSTIANO CARRANZA",3,4,18,"15650",14,.000707714,0,.0024788268,1
19,"ARENAL PUERTO AEREO","VENUSTIANO CARRANZA",3,6,19,"15660",16,.001415428,.003460208,.0046701888,1
17,"ADOLFO LOPEZ MATEOS","VENUSTIANO CARRANZA",3,3,17,"15670",16,.0099079972,.006920415,.0077633089,1
19,"ARENAL 2A SECCION","",3,,19,"15680",16,.000707714,0,.0018824192,1
18,"FEDERAL","VENUSTIANO CARRANZA",3,4,18,"15700",14,.05378627,.065743946,.012017533,1
18,"INDUSTRIAL PUERTO AEREO","VENUSTIANO CARRANZA",3,4,18,"15710",14,.070063695,.062283736,.0027540377,1
18,"CUATRO ARBOLES","VENUSTIANO CARRANZA",3,4,18,"15730",14,0,0,.0073221605,1
18,"AVIACION CIVIL","VENUSTIANO CARRANZA",3,4,18,"15740",14,.013446568,.017301038,.0043753432,1
17,"JAMAICA","VENUSTIANO CARRANZA",3,3,17,"15800",16,.017692853,.027681662,.003208413,1
17,"MERCED BALBUENA","VENUSTIANO CARRANZA",3,3,17,"15810",16,.014154281,.031141868,.0045994627,1
17,"LORENZO BOTURINI","VENUSTIANO CARRANZA",3,3,17,"15820",16,.039631989,.044982698,.005170044,1
17,"SEVILLA","VENUSTIANO CARRANZA",3,3,17,"15830",16,0,0,.002107878,1
17,"SEVILLA","VENUSTIANO CARRANZA",3,3,17,"15840",16,.017692853,.020761246,.0017087496,1
17,"MAGDALENA MIXIHUCA","VENUSTIANO CARRANZA",3,3,17,"15850",16,.029016277,.031141868,.0059530474,1
17,"PUEBLO DE LA MAGDALENA MIXIUHCA","VENUSTIANO CARRANZA",3,3,17,"15860",16,.0049539991,.003460208,.0029084126,1
17,"JARDIN BALBUENA","VENUSTIANO CARRANZA",3,3,17,"15900",16,.15428168,.20069204,.049573366,1
17,"JARDIN BALBUENA","VENUSTIANO CARRANZA",3,,17,"15950",16,.001415428,0,,
17,"EL PARQUE","VENUSTIANO CARRANZA",3,3,17,"15960",16,.0063694268,0,.014607067,1
17,"24 DE ABRIL","VENUSTIANO CARRANZA",3,3,17,"15980",16,.001415428,.006920415,.00073622313,1
17,"JARDIN BALBUENA","VENUSTIANO CARRANZA",3,,17,"15990",16,0,0,.0020839898,1
6,"BARRIO SAN JUAN","XOCHIMILCO",1,,6,"16000",13,.001415428,0,.0064666537,1
6,"PASEOS DEL SUR","XOCHIMILCO",1,6,6,"16010",13,.029723991,.034602076,.011560238,1
6,"SANTA MARIA TEPEPAN","XOCHIMILCO",1,6,6,"16020",13,.032554846,.051903114,.034434989,1
6,"AMPLIACION TEPEPAN","XOCHIMILCO",1,,6,"16029",13,.0049539991,0,.013689409,1
6,"POTRERO DE SAN BENARDINO","XOCHIMILCO",1,6,6,"16030",13,.040339705,.034602076,.022015458,1
6,"","XOCHIMILCO",1,6,6,"16034",13,.0021231419,.003460208,.05104183,1
6,"SAN LORENZO LA CEBADA","XOCHIMILCO",1,6,6,"16035",13,.031847134,.048442908,.021883981,1
6,"AMPLIACION SAN MARCOS NORTE","XOCHIMILCO",1,,6,"16038",13,.0063694268,.006920415,.011902897,1
6,"LA ASUNCION","XOCHIMILCO",1,6,6,"16040",13,0,0,.024756951,1
6,"JARDINES DEL SUR","XOCHIMILCO",1,6,6,"16050",13,.013446568,.024221454,.017453775,1
6,"LA GUADALUPITA","XOCHIMILCO",1,6,6,"16070",13,.005661713,.013840831,.0055586868,1
6,"SAN ESTEBAN","XOCHIMILCO",1,,6,"16080",13,.000707714,0,.0092112618,1
6,"XALTOCAN","XOCHIMILCO",1,6,6,"16090",13,.025477707,.044982698,.055926442,1
6,"","XOCHIMILCO",1,6,6,"16200",13,.0042462852,.013840831,.025930839,1
6,"","XOCHIMILCO",1,,6,"16210",13,.0021231419,.003460208,.0060617765,1
6,"CALPULCO","XOCHIMILCO",1,,6,"16216",13,.000707714,0,,
6,"SAN LUCAS XOCHIMANCA","XOCHIMILCO",1,,6,"16340",13,0,0,.0012351364,1
6,"TEJOMULCO EL BAJO","XOCHIMILCO",1,6,6,"16429",13,.0070771412,0,.0017174386,1
6,"BARRIO DE XALTOCAN","XOCHIMILCO",1,6,6,"16440",13,.001415428,0,.0016479642,1
6,"XALTOCAN","XOCHIMILCO",1,6,6,"16450",13,0,0,.013775136,1
6,"BARRIO DE SAN CRISTOBAL","XOCHIMILCO",1,6,6,"16457",13,0,0,.0019069444,1
6,"SANTA CRUZ ACALPIXCA","XOCHIMILCO",1,,6,"16500",13,.0042462852,.003460208,.0096290354,1
6,"SAN JUAN MOYOTEPEC","XOCHIMILCO",1,,6,"16514",13,.001415428,0,.0078998972,1
6,"","XOCHIMILCO",1,,6,"16517",13,.000707714,.003460208,.0043504392,1
6,"GUADALUPITA","XOCHIMILCO",1,6,6,"16710",13,.002830856,.006920415,.0049302713,1
6,"LAS ANIMAS","XOCHIMILCO",1,,6,"16749",13,.0049539991,0,.0026905502,1
6,"TERCERA SECCION DE CERRILLOS TULYEHUALCO","XOCHIMILCO",1,,6,"16770",13,.001415428,0,.0054447567,1
6,"BARRIO SAN PEDRO","XOCHIMILCO",1,,6,"16799",13,.0049539991,0,.001301942,1
6,"SAN MATEO XALPA","XOCHIMILCO",1,6,6,"16800",13,.0063694268,.006920415,.022861013,1
6,"SAN IGNACIO TLACHUTEPEC","XOCHIMILCO",1,,6,"16810",13,0,0,.034026518,1
3,"SAN ANDRES AHUAYUCAN","XOCHIMILCO",1,3,3,"16813",13,.002830856,0,.0050650761,1
3,"SANTA CECILIA TEPETLAPA","XOCHIMILCO",1,,3,"16880",13,.000707714,0,.053635255,1
3,"BARRIO SAN PEDRO XOCHIMILCO","XOCHIMILCO",1,,3,"16888",13,0,0,.039235398,1
1,"PEDREGAL DE SAN FRANCISCO","XOCHIMILCO",1,1,1,"16910",1,0,0,.019017413,1
20,"LAS AGUILAS","ALVARO OBREGON",4,1,20,"17100",22,0,0,,
41,"NAPOLES","BENITO JUAREZ",8,3,41,"38201",20,.000707714,0,,
,"","",,,,"01100",0,0,0,.00061248441,1
,"","",,,,"01109",0,0,0,.0014106019,1
,"","",,,,"01125",0,0,0,.000093628711,1
,"","",,,,"01139",0,0,0,.000094536445,1
,"","",,,,"01170",0,0,0,.00027354222,1
,"","",,,,"01200",0,0,0,.0010168563,1
,"","",,,,"01239",0,0,0,.00032366856,1
,"","",,,,"01240",0,0,0,.00077590701,1
,"","",,,,"01250",0,0,0,.0022168714,1
,"","",,,,"01259",0,0,0,.00056823943,1
,"","",,,,"01260",0,0,0,.0065599722,1
,"","",,,,"01269",0,0,0,.00078023638,1
,"","",,,,"01275",0,0,0,.00014044534,1
,"","",,,,"01276",0,0,0,.00055432698,1
,"","",,,,"01278",0,0,0,.0013926417,1
,"","",,,,"01285",0,0,0,1.0678892e-19,1
,"","",,,,"01289",0,0,0,.00068426621,1
,"","",,,,"01296",0,0,0,.01096607,1
,"","",,,,"01298",0,0,0,.0072949314,1
,"","",,,,"01299",0,0,0,.0064303069,1
,"","",,,,"01377",0,0,0,.0071620797,1
,"","",,,,"01407",0,0,0,.000064985943,1
,"","",,,,"01509",0,0,0,.0011949351,1
,"","",,,,"01538",0,0,0,.00095440377,1
,"","",,,,"01539",0,0,0,.0008451757,1
,"","",,,,"01548",0,0,0,.00086015469,1
,"","",,,,"01549",0,0,0,.00041773959,1
,"","",,,,"01560",0,0,0,.0062375194,1
,"","",,,,"01566",0,0,0,.00037400695,1
,"","",,,,"01569",0,0,0,.001265059,1
,"","",,,,"01590",0,0,0,.00028022681,1
,"","",,,,"01610",0,0,0,.0040600151,1
,"","",,,,"01620",0,0,0,.0098207323,1
,"","",,,,"01630",0,0,0,.0035411157,1
,"","",,,,"01645",0,0,0,.00059815386,1
,"","",,,,"01650",0,0,0,.0083308425,1
,"","",,,,"01720",0,0,0,.0039824545,1
,"","",,,,"01729",0,0,0,.0066100322,1
,"","",,,,"01750",0,0,0,.019985624,1
,"","",,,,"01789",0,0,0,.0008962226,1
,"","",,,,"01810",0,0,0,.0063187182,1
,"","",,,,"01849",0,0,0,.0029791512,1
,"","",,,,"01857",0,0,0,.010092316,1
,"","",,,,"01859",0,0,0,.0059001762,1
,"","",,,,"01864",0,0,0,.40304232,1
,"","",,,,"01870",0,0,0,.0024635992,1
,"","",,,,"02140",0,0,0,.0031635324,1
,"","",,,,"02310",0,0,0,.00061198516,1
,"","",,,,"02330",0,0,0,.0010252059,1
,"","",,,,"02640",0,0,0,.00042240467,1
,"","",,,,"02680",0,0,0,.0010541691,1
,"","",,,,"02750",0,0,0,.0096510062,1
,"","",,,,"02830",0,0,0,.0011129222,1
,"","",,,,"02920",0,0,0,.00080435944,1
,"","",,,,"04390",0,0,0,.003600325,1
,"","",,,,"04489",0,0,0,.004559637,1
,"","",,,,"04840",0,0,0,.0078589041,1
,"","",,,,"04919",0,0,0,.002886941,1
,"","",,,,"04930",0,0,0,.0043565095,1
,"","",,,,"05010",0,0,0,.015490902,1
,"","",,,,"05039",0,0,0,.022779739,1
,"","",,,,"05050",0,0,0,.045981836,1
,"","",,,,"05220",0,0,0,.000095264186,1
,"","",,,,"05230",0,0,0,.00026480845,1
,"","",,,,"05269",0,0,0,.00047080498,1
,"","",,,,"05280",0,0,0,.0038144994,1
,"","",,,,"05400",0,0,0,.0051852353,1
,"","",,,,"05520",0,0,0,.00019351255,1
,"","",,,,"05530",0,0,0,.0021524951,1
,"","",,,,"05700",0,0,0,.0010034041,1
,"","",,,,"05730",0,0,0,.012152549,1
,"","",,,,"05740",0,0,0,.12086357,1
,"","",,,,"05750",0,0,0,.061474744,1
,"","",,,,"05760",0,0,0,.0011963774,1
,"","",,,,"05780",0,0,0,.00061891362,1
,"","",,,,"05910",0,0,0,.31618062,1
,"","",,,,"07060",0,0,0,.003141908,1
,"","",,,,"07069",0,0,0,.0023127727,1
,"","",,,,"07080",0,0,0,.014645453,1
,"","",,,,"07089",0,0,0,.010858257,1
,"","",,,,"07109",0,0,0,.00031321551,1
,"","",,,,"07110",0,0,0,.0067020389,1
,"","",,,,"07119",0,0,0,.04240109,1
,"","",,,,"07130",0,0,0,.0093537867,1
,"","",,,,"07135",0,0,0,.0062500844,1
,"","",,,,"07144",0,0,0,.006063303,1
,"","",,,,"07145",0,0,0,.018561941,1
,"","",,,,"07146",0,0,0,.035889421,1
,"","",,,,"07149",0,0,0,.000013541098,1
,"","",,,,"07150",0,0,0,.0054253107,1
,"","",,,,"07155",0,0,0,.0063749384,1
,"","",,,,"07164",0,0,0,.00873568,1
,"","",,,,"07180",0,0,0,.0069472324,1
,"","",,,,"07183",0,0,0,.0011898074,1
,"","",,,,"07187",0,0,0,.0033147833,1
,"","",,,,"07188",0,0,0,.006011799,1
,"","",,,,"07189",0,0,0,.0026470749,1
,"","",,,,"07190",0,0,0,.0033377339,1
,"","",,,,"07207",0,0,0,.0023869791,1
,"","",,,,"07214",0,0,0,.00083592074,1
,"","",,,,"07220",0,0,0,.0039539128,1
,"","",,,,"07224",0,0,0,.00032686823,1
,"","",,,,"07239",0,0,0,.0098614162,1
,"","",,,,"07240",0,0,0,.00035205286,1
,"","",,,,"07250",0,0,0,.0042268434,1
,"","",,,,"07255",0,0,0,.01336644,1
,"","",,,,"07295",0,0,0,.009705143,1
,"","",,,,"07350",0,0,0,.0073572309,1
,"","",,,,"07360",0,0,0,.0070576048,1
,"","",,,,"07363",0,0,0,.020238578,1
,"","",,,,"07455",0,0,0,5.2824862e-06,1
,"","",,,,"07509",0,0,0,.0047395891,1
,"","",,,,"07540",0,0,0,.0053691897,1
,"","",,,,"07560",0,0,0,.0032850516,1
,"","",,,,"07754",0,0,0,.0013532293,1
,"","",,,,"07869",0,0,0,.00070500909,1
,"","",,,,"07889",0,0,0,.0033297779,1
,"","",,,,"07910",0,0,0,.017168226,1
,"","",,,,"07930",0,0,0,.00060648145,1
,"","",,,,"08040",0,0,0,.0058091939,1
,"","",,,,"08320",0,0,0,.0011812004,1
,"","",,,,"08420",0,0,0,.0016151066,1
,"","",,,,"08710",0,0,0,.0018357538,1
,"","",,,,"08770",0,0,0,.0010891196,1
,"","",,,,"09180",0,0,0,.020632405,1
,"","",,,,"09220",0,0,0,.013085415,1
,"","",,,,"09230",0,0,0,.024553282,1
,"","",,,,"09250",0,0,0,.00051633187,1
,"","",,,,"09350",0,0,0,.00046696191,1
,"","",,,,"09359",0,0,0,.0008356914,1
,"","",,,,"09550",0,0,0,.0029109435,1
,"","",,,,"09648",0,0,0,.0018935641,1
,"","",,,,"09670",0,0,0,.0076686372,1
,"","",,,,"09689",0,0,0,.0056972485,1
,"","",,,,"09690",0,0,0,.0087556904,1
,"","",,,,"09698",0,0,0,.0083059417,1
,"","",,,,"09704",0,0,0,.00091000577,1
,"","",,,,"09705",0,0,0,.010792882,1
,"","",,,,"09708",0,0,0,.0029295869,1
,"","",,,,"09709",0,0,0,.0026232409,1
,"","",,,,"09710",0,0,0,.0020894879,1
,"","",,,,"09769",0,0,0,.0010321283,1
,"","",,,,"09856",0,0,0,.00097962585,1
,"","",,,,"09859",0,0,0,.0006683399,1
,"","",,,,"09868",0,0,0,.0020856308,1
,"","",,,,"09940",0,0,0,.0043518473,1
,"","",,,,"09969",0,0,0,.00099047669,1
,"","",,,,"10020",0,0,0,.00432572,1
,"","",,,,"10130",0,0,0,.00081524998,1
,"","",,,,"10330",0,0,0,.010818865,1
,"","",,,,"10368",0,0,0,.0014172662,1
,"","",,,,"10369",0,0,0,.0092551131,1
,"","",,,,"10370",0,0,0,.0014396856,1
,"","",,,,"10378",0,0,0,.0015312799,1
,"","",,,,"10379",0,0,0,.00080489123,1
,"","",,,,"10620",0,0,0,.0023554214,1
,"","",,,,"10630",0,0,0,.0089484546,1
,"","",,,,"10643",0,0,0,.32963869,1
,"","",,,,"10660",0,0,0,.0036724238,1
,"","",,,,"10800",0,0,0,.0039451104,1
,"","",,,,"10810",0,0,0,.0017042643,1
,"","",,,,"10820",0,0,0,.0011210529,1
,"","",,,,"10830",0,0,0,.0033495661,1
,"","",,,,"10840",0,0,0,.00013242006,1
,"","",,,,"10920",0,0,0,.00095193385,1
,"","",,,,"10926",0,0,0,.10293481,1
,"","",,,,"10927",0,0,0,.12520355,1
,"","",,,,"10928",0,0,0,.13754782,1
,"","",,,,"11290",0,0,0,.0056419722,1
,"","",,,,"11340",0,0,0,.0021574867,1
,"","",,,,"11350",0,0,0,.0046754372,1
,"","",,,,"12003",0,0,0,.013674245,1
,"","",,,,"12004",0,0,0,.01594015,1
,"","",,,,"12005",0,0,0,.018959802,1
,"","",,,,"12070",0,0,0,.0042651794,1
,"","",,,,"12080",0,0,0,.011742069,1
,"","",,,,"12100",0,0,0,.032685284,1
,"","",,,,"12110",0,0,0,.0072018174,1
,"","",,,,"12113",0,0,0,.054360017,1
,"","",,,,"12114",0,0,0,.020786809,1
,"","",,,,"12115",0,0,0,.034767792,1
,"","",,,,"12116",0,0,0,.034889836,1
,"","",,,,"12205",0,0,0,.0064987806,1
,"","",,,,"12210",0,0,0,.051251575,1
,"","",,,,"12220",0,0,0,.02242787,1
,"","",,,,"12230",0,0,0,.051685166,1
,"","",,,,"12240",0,0,0,.030358685,1
,"","",,,,"12250",0,0,0,.0082534077,1
,"","",,,,"12252",0,0,0,.0093061924,1
,"","",,,,"12300",0,0,0,.04940211,1
,"","",,,,"12303",0,0,0,.57791108,1
,"","",,,,"12305",0,0,0,1,1
,"","",,,,"12306",0,0,0,.6854561,1
,"","",,,,"12400",0,0,0,.015160248,1
,"","",,,,"12410",0,0,0,.034428239,1
,"","",,,,"12420",0,0,0,.41090086,1
,"","",,,,"12500",0,0,0,.014831097,1
,"","",,,,"12544",0,0,0,.010194417,1
,"","",,,,"12547",0,0,0,.015125533,1
,"","",,,,"12600",0,0,0,.0066273655,1
,"","",,,,"12610",0,0,0,.016607564,1
,"","",,,,"12700",0,0,0,.012311786,1
,"","",,,,"12710",0,0,0,.023692954,1
,"","",,,,"12800",0,0,0,.0048035709,1
,"","",,,,"12810",0,0,0,.06283664,1
,"","",,,,"12910",0,0,0,.0042723664,1
,"","",,,,"12913",0,0,0,.053224903,1
,"","",,,,"12914",0,0,0,.061035492,1
,"","",,,,"12920",0,0,0,.016019717,1
,"","",,,,"12923",0,0,0,.089994833,1
,"","",,,,"12924",0,0,0,.052150864,1
,"","",,,,"12930",0,0,0,.018833088,1
,"","",,,,"12933",0,0,0,.083425716,1
,"","",,,,"12935",0,0,0,.44361472,1
,"","",,,,"12940",0,0,0,.0089949351,1
,"","",,,,"12950",0,0,0,.0020715767,1
,"","",,,,"13030",0,0,0,.00086398673,1
,"","",,,,"13060",0,0,0,.0034466169,1
,"","",,,,"13070",0,0,0,.0026646217,1
,"","",,,,"13090",0,0,0,.0041578324,1
,"","",,,,"13093",0,0,0,.0061262767,1
,"","",,,,"13094",0,0,0,.0080056591,1
,"","",,,,"13099",0,0,0,.0025931036,1
,"","",,,,"13110",0,0,0,.0001482411,1
,"","",,,,"13115",0,0,0,.04780459,1
,"","",,,,"13116",0,0,0,.082367033,1
,"","",,,,"13119",0,0,0,.00046591688,1
,"","",,,,"13123",0,0,0,.0096007334,1
,"","",,,,"13129",0,0,0,.0061650742,1
,"","",,,,"13230",0,0,0,.002658589,1
,"","",,,,"13278",0,0,0,.0095660286,1
,"","",,,,"13280",0,0,0,.0040096832,1
,"","",,,,"13315",0,0,0,.00017078152,1
,"","",,,,"13363",0,0,0,.01733104,1
,"","",,,,"13410",0,0,0,.00034019697,1
,"","",,,,"13430",0,0,0,.087918699,1
,"","",,,,"13440",0,0,0,.0025234001,1
,"","",,,,"13450",0,0,0,.010435549,1
,"","",,,,"13460",0,0,0,.0021010251,1
,"","",,,,"13463",0,0,0,.027894683,1
,"","",,,,"13465",0,0,0,.019688105,1
,"","",,,,"13466",0,0,0,.018573873,1
,"","",,,,"13467",0,0,0,.027005931,1
,"","",,,,"13508",0,0,0,.0070811356,1
,"","",,,,"13509",0,0,0,.0021466655,1
,"","",,,,"13510",0,0,0,.057624996,1
,"","",,,,"13520",0,0,0,.0055057588,1
,"","",,,,"13529",0,0,0,.082931668,1
,"","",,,,"13540",0,0,0,.015354035,1
,"","",,,,"13545",0,0,0,.002085367,1
,"","",,,,"13547",0,0,0,.031942885,1
,"","",,,,"13549",0,0,0,.0045599071,1
,"","",,,,"13600",0,0,0,.0065768501,1
,"","",,,,"13610",0,0,0,.0054931454,1
,"","",,,,"13625",0,0,0,.024004476,1
,"","",,,,"13640",0,0,0,.014190909,1
,"","",,,,"13700",0,0,0,.0087205097,1
,"","",,,,"13705",0,0,0,.0094267689,1
,"","",,,,"14040",0,0,0,.0038795972,1
,"","",,,,"14108",0,0,0,.0032796606,1
,"","",,,,"14209",0,0,0,.00096135365,1
,"","",,,,"14219",0,0,0,.045419652,1
,"","",,,,"14220",0,0,0,.0038181976,1
,"","",,,,"14230",0,0,0,.0036369173,1
,"","",,,,"14248",0,0,0,.0034549956,1
,"","",,,,"14266",0,0,0,.0044882544,1
,"","",,,,"14270",0,0,0,.022356566,1
,"","",,,,"14273",0,0,0,.0025042731,1
,"","",,,,"14276",0,0,0,.031187775,1
,"","",,,,"14377",0,0,0,.0030200898,1
,"","",,,,"14388",0,0,0,.0026301302,1
,"","",,,,"14406",0,0,0,.0013906945,1
,"","",,,,"14408",0,0,0,.0045280633,1
,"","",,,,"14409",0,0,0,.0011158714,1
,"","",,,,"14426",0,0,0,.00036095284,1
,"","",,,,"14427",0,0,0,.0094336169,1
,"","",,,,"14429",0,0,0,.00094482087,1
,"","",,,,"14438",0,0,0,.0035571703,1
,"","",,,,"14439",0,0,0,.0023037901,1
,"","",,,,"14440",0,0,0,.0028657084,1
,"","",,,,"14449",0,0,0,.0032808851,1
,"","",,,,"14450",0,0,0,.011507713,1
,"","",,,,"14456",0,0,0,.0041399472,1
,"","",,,,"14460",0,0,0,.024479397,1
,"","",,,,"14470",0,0,0,.0091045983,1
,"","",,,,"14475",0,0,0,.019968906,1
,"","",,,,"14476",0,0,0,.024653276,1
,"","",,,,"14479",0,0,0,.0064270105,1
,"","",,,,"14492",0,0,0,.0235011,1
,"","",,,,"14505",0,0,0,.079683259,1
,"","",,,,"14550",0,0,0,.076225445,1
,"","",,,,"14608",0,0,0,.0089113982,1
,"","",,,,"14629",0,0,0,.0013306373,1
,"","",,,,"14646",0,0,0,.0031529965,1
,"","",,,,"14647",0,0,0,.00099968072,1
,"","",,,,"14653",0,0,0,.068567365,1
,"","",,,,"14654",0,0,0,.0064482032,1
,"","",,,,"14657",0,0,0,.017592555,1
,"","",,,,"14658",0,0,0,.0015523925,1
,"","",,,,"14712",0,0,0,.0077798776,1
,"","",,,,"14713",0,0,0,.23456493,1
,"","",,,,"14714",0,0,0,.14916153,1
,"","",,,,"14715",0,0,0,.22697689,1
,"","",,,,"14720",0,0,0,.0031599677,1
,"","",,,,"14730",0,0,0,.0014443917,1
,"","",,,,"14734",0,0,0,.0035767986,1
,"","",,,,"14735",0,0,0,.096027359,1
,"","",,,,"14738",0,0,0,.0043031801,1
,"","",,,,"14739",0,0,0,.0037108227,1
,"","",,,,"14740",0,0,0,.0036156136,1
,"","",,,,"14749",0,0,0,.0023209497,1
,"","",,,,"14750",0,0,0,.00043998865,1
,"","",,,,"14780",0,0,0,.0039897286,1
,"","",,,,"14790",0,0,0,.03444175,1
,"","",,,,"14903",0,0,0,.31352615,1
,"","",,,,"14904",0,0,0,.28907105,1
,"","",,,,"14905",0,0,0,.43456292,1
,"","",,,,"14906",0,0,0,.99500656,1
,"","",,,,"15230",0,0,0,.0029098641,1
,"","",,,,"15250",0,0,0,.0014668647,1
,"","",,,,"15260",0,0,0,.0027603621,1
,"","",,,,"15280",0,0,0,.0022460462,1
,"","",,,,"15330",0,0,0,.00004924932,1
,"","",,,,"15350",0,0,0,.0037348811,1
,"","",,,,"15380",0,0,0,.0011122922,1
,"","",,,,"15460",0,0,0,.0028805323,1
,"","",,,,"15470",0,0,0,.0006862302,1
,"","",,,,"15750",0,0,0,.0015726419,1
,"","",,,,"15870",0,0,0,.00035571546,1
,"","",,,,"15970",0,0,0,.0024948122,1
,"","",,,,"16036",0,0,0,.032908808,1
,"","",,,,"16043",0,0,0,.10948801,1
,"","",,,,"16059",0,0,0,.001405286,1
,"","",,,,"16060",0,0,0,.0022698406,1
,"","",,,,"16093",0,0,0,.057181265,1
,"","",,,,"16100",0,0,0,.022152727,1
,"","",,,,"16106",0,0,0,.014100963,1
,"","",,,,"16220",0,0,0,.012551755,1
,"","",,,,"16230",0,0,0,.0098290844,1
,"","",,,,"16240",0,0,0,.017447714,1
,"","",,,,"16243",0,0,0,.049854837,1
,"","",,,,"16244",0,0,0,.00068102212,1
,"","",,,,"16247",0,0,0,.020946484,1
,"","",,,,"16300",0,0,0,.018522914,1
,"","",,,,"16310",0,0,0,.0018942683,1
,"","",,,,"16320",0,0,0,.010554064,1
,"","",,,,"16400",0,0,0,.0082034348,1
,"","",,,,"16410",0,0,0,.0028282618,1
,"","",,,,"16420",0,0,0,.0052360366,1
,"","",,,,"16428",0,0,0,.0046286383,1
,"","",,,,"16430",0,0,0,.00060051522,1
,"","",,,,"16443",0,0,0,.0022808805,1
,"","",,,,"16459",0,0,0,.041910585,1
,"","",,,,"16510",0,0,0,.0051912214,1
,"","",,,,"16513",0,0,0,.0033002952,1
,"","",,,,"16515",0,0,0,.021430373,1
,"","",,,,"16516",0,0,0,.010870555,1
,"","",,,,"16518",0,0,0,.0027604881,1
,"","",,,,"16520",0,0,0,.022555551,1
,"","",,,,"16530",0,0,0,.0011000303,1
,"","",,,,"16533",0,0,0,.0011109265,1
,"","",,,,"16550",0,0,0,.00040850727,1
,"","",,,,"16555",0,0,0,.040728334,1
,"","",,,,"16556",0,0,0,.025920048,1
,"","",,,,"16600",0,0,0,.018497039,1
,"","",,,,"16604",0,0,0,.0087469341,1
,"","",,,,"16605",0,0,0,.013201001,1
,"","",,,,"16606",0,0,0,.00078704715,1
,"","",,,,"16607",0,0,0,.00042076947,1
,"","",,,,"16609",0,0,0,.00038295102,1
,"","",,,,"16610",0,0,0,.017864341,1
,"","",,,,"16614",0,0,0,.00053498719,1
,"","",,,,"16615",0,0,0,.00086567504,1
,"","",,,,"16616",0,0,0,.00038083867,1
,"","",,,,"16617",0,0,0,.0054030619,1
,"","",,,,"16618",0,0,0,.022665998,1
,"","",,,,"16620",0,0,0,.0009543263,1
,"","",,,,"16623",0,0,0,.033357207,1
,"","",,,,"16624",0,0,0,.022159783,1
,"","",,,,"16629",0,0,0,.011934794,1
,"","",,,,"16630",0,0,0,.0021407232,1
,"","",,,,"16633",0,0,0,.042418454,1
,"","",,,,"16634",0,0,0,.050067309,1
,"","",,,,"16640",0,0,0,.0045793205,1
,"","",,,,"16650",0,0,0,.042055544,1
,"","",,,,"16653",0,0,0,.046610311,1
,"","",,,,"16654",0,0,0,.03557615,1
,"","",,,,"16720",0,0,0,.0085077789,1
,"","",,,,"16739",0,0,0,.0015767333,1
,"","",,,,"16740",0,0,0,.003006405,1
,"","",,,,"16750",0,0,0,.0034615807,1
,"","",,,,"16776",0,0,0,.0036018654,1
,"","",,,,"16780",0,0,0,.019874517,1
,"","",,,,"16783",0,0,0,.010212047,1
,"","",,,,"16784",0,0,0,.016108029,1
,"","",,,,"16785",0,0,0,.0063106073,1
,"","",,,,"16797",0,0,0,.0030326862,1
,"","",,,,"16819",0,0,0,.0043937354,1
,"","",,,,"16840",0,0,0,.0087946383,1
,"","",,,,"16850",0,0,0,.0086344946,1
,"","",,,,"16860",0,0,0,.0100737,1
,"","",,,,"16866",0,0,0,.010134934,1
,"","",,,,"16870",0,0,0,.038171571,1
,"","",,,,"16889",0,0,0,.069119677,1
,"","",,,,"16900",0,0,0,.18551642,1
