region,sub,reg_sub,col,del,lat_c,lon_c,cp,num_diligencias_cpxgeo,num_addr_cpxgeo,num_diligencias_region,num_diligencias_subregion
1,1,1,"XOCO","BENITO JUAREZ",19.362272,-99.167397,"03330",146,25,4071,1529
1,1,1,"SAN LORENZO HUIPULCO","TLALPAN",19.295504,-99.143799,"14370",72,32,4071,1529
1,1,1,"COPILCO UNIVERSIDAD","COYOACAN",19.337732,-99.176796,"04340",12,5,4071,1529
1,1,1,"PORTALES SUR","BENITO JUAREZ",19.361593,-99.150269,"03300",158,43,4071,1529
1,1,1,"","COYOACAN",19.311344,-99.156593,"04600",31,15,4071,1529
1,1,1,"OXTOPULCO UNIVERSIDAD","COYOACAN",19.343401,-99.181923,"04318",23,7,4071,1529
1,1,1,"JARDINES DEL PEDREGAL DE SAN ANGEL","COYOACAN",19.308054,-99.200752,"04500",28,10,4071,1529
1,1,1,"COPILCO UNIVERSIDAD","COYOACAN",19.335468,-99.178871,"04360",60,22,4071,1529
1,1,1,"XOCO","BENITO JUAREZ",19.339878,-99.182564,"04350",7,3,4071,1529
1,1,1,"GENERAL PEDRO MARIA ANAYA","BENITO JUAREZ",19.360907,-99.159126,"03340",65,22,4071,1529
1,1,1,"SAN FRANCISCO","COYOACAN",19.340321,-99.165993,"04320",19,8,4071,1529
1,1,1,"ADOLFO RUIZ CORTINEZ","COYOACAN",19.318995,-99.157104,"04630",3,2,4071,1529
1,1,1,"DEL CARMEN","COYOACAN",19.354731,-99.162285,"04100",166,60,4071,1529
1,1,1,"BELISARIO DOMINGUEZ SECCION XVI","TLALPAN",19.289188,-99.157738,"14080",23,11,4071,1529
1,1,1,"BOSQUES DE TETLAMEYA","COYOACAN",19.300312,-99.15641,"04730",32,10,4071,1529
1,1,1,"SANTA URSULA COAPA","COYOACAN",19.309776,-99.144257,"04650",33,5,4071,1529
1,1,1,"","COYOACAN",19.338736,-99.154167,"04330",49,16,4071,1529
1,1,1,"CU","COYOACAN",19.326357,-99.178497,"04510",5,2,4071,1529
1,1,1,"OLIMPICA","COYOACAN",19.302544,-99.16819,"04710",11,4,4071,1529
1,1,1,"EX EJIDO SAN PABLO TEPETLAPA","COYOACAN",19.320124,-99.113846,"04849",3,1,4071,1529
1,1,1,"VISTAS DEL PEDREGAL","TLALPAN",19.264503,-99.208138,"14275",3,1,4071,1529
1,1,1,"INSURGENTES CUICUILCO","COYOACAN",19.305679,-99.187798,"04530",49,14,4071,1529
1,1,1,"PEDREGAL DE SANTO DOMINGO","COYOACAN",19.330332,-99.165932,"04369",43,19,4071,1529
1,1,1,"SANTA CATARINA","COYOACAN",19.347296,-99.171432,"04010",60,20,4071,1529
1,1,1,"ROMERO DE TERREROS","COYOACAN",19.344851,-99.177124,"04310",85,19,4071,1529
1,1,1,"PEDREGAL DE CARRASCO","COYOACAN",19.305643,-99.16835,"04700",35,13,4071,1529
1,1,1,"XOTEPINGO","COYOACAN",19.328028,-99.140465,"04610",21,6,4071,1529
1,1,1,"EL ROSARIO","COYOACAN",19.329494,-99.146919,"04380",28,11,4071,1529
1,1,1,"PEDREGAL DE SAN FRANCISCO","XOCHIMILCO",19.208525,-99.127686,"16910",1,1,4071,1529
1,1,1,"SAN DIEGO CHURUBUSCO","COYOACAN",19.355545,-99.150818,"04120",32,9,4071,1529
1,1,1,"EL RELOJ","COYOACAN",19.317282,-99.140579,"04640",13,4,4071,1529
1,1,1,"ROMERO DE TERREROS","COYOACAN",19.345049,-99.180763,"04317",3,1,4071,1529
1,1,1,"PARQUE SAN ANDRES","COYOACAN",19.344782,-99.150444,"04040",41,13,4071,1529
1,1,1,"CIUDAD JARDIN","COYOACAN",19.337664,-99.144989,"04370",35,12,4071,1529
1,1,1,"AJUSCO","COYOACAN",19.32074,-99.160172,"04300",90,24,4071,1529
1,1,1,"BARRIO SAN LUCAS","COYOACAN",19.346031,-99.151863,"04030",44,9,4071,1529
1,2,2,"EMILIANO ZAPATA","COYOACAN",19.3274,-99.137321,"04815",18,5,4071,939
1,2,2,"SAN PABLO TEPETLAPA","COYOACAN",19.321177,-99.138901,"04620",21,6,4071,939
1,2,2,"PASEOS DE TAXQUEÑA","COYOACAN",19.342825,-99.125854,"04250",21,8,4071,939
1,2,2,"VILLA QUIETUD","COYOACAN",19.299963,-99.105042,"04960",5,3,4071,939
1,2,2,"GRANJAS COAPA","XOCHIMILCO",19.295618,-99.105141,"14336",5,1,4071,939
1,2,2,"VERGEL COAPA","TLALPAN",19.303467,-99.124893,"14320",1,1,4071,939
1,2,2,"PRADO CHURUBUSCO","COYOACAN",19.356028,-99.127266,"04230",34,14,4071,939
1,2,2,"SANTA URSULA COAPA","COYOACAN",19.307184,-99.140961,"04980",39,13,4071,939
1,2,2,"EX HACIENDA COAPA","TLALPAN",19.298895,-99.136765,"14340",9,3,4071,939
1,2,2,"CHIMALI","TLALPAN",19.289036,-99.130386,"14387",12,5,4071,939
1,2,2,"NUEVA ORIENTAL COAPA","TLALPAN",19.299484,-99.128143,"14300",23,10,4071,939
1,2,2,"EDUCACION","COYOACAN",19.337679,-99.131111,"04400",32,15,4071,939
1,2,2,"SAN FRANCISCO CULHUACAN","COYOACAN",19.330786,-99.124878,"04420",30,11,4071,939
1,2,2,"COAPA","TLALPAN",19.299028,-99.110413,"14334",2,1,4071,939
1,2,2,"ERMITA","BENITO JUAREZ",19.358515,-99.142662,"03590",7,3,4071,939
1,2,2,"GRANJAS COAPA","TLALPAN",19.298006,-99.109467,"14330",31,10,4071,939
1,2,2,"MAGISTERIAL","TLALPAN",19.292601,-99.113991,"14360",14,6,4071,939
1,2,2,"CAMPESTRE CHURUBUSCO","COYOACAN",19.340212,-99.131584,"04270",1,1,4071,939
1,2,2,"CAMPESTRE CHURUBUSCO","COYOACAN",19.344236,-99.136429,"04200",60,21,4071,939
1,2,2,"EL MIRADOR","COYOACAN",19.304142,-99.10994,"04950",5,2,4071,939
1,2,2,"GRANJAS COAPA","TLALPAN",19.298367,-99.114082,"14325",10,5,4071,939
1,2,2,"PRESIDENTES EJIDALES 1A SECCION","COYOACAN",19.324358,-99.124458,"04470",23,8,4071,939
1,2,2,"EXHACIENDA COAPA","COYOACAN",19.309673,-99.130554,"04899",18,7,4071,939
1,2,2,"UNIDAD CTM CULHUACAN SECC 9","COYOACAN",19.314817,-99.106071,"04909",10,5,4071,939
1,2,2,"","TLALPAN",19.299265,-99.119446,"14326",11,6,4071,939
1,2,2,"EX HACIENDA COAPA","TLAPAN",19.296957,-99.124741,"14308",6,2,4071,939
1,2,2,"","TLALPAN",19.294115,-99.132332,"14357",19,7,4071,939
1,2,2,"CAMPESTRE COYOACAN","COYOACAN",19.308096,-99.11586,"04938",3,2,4071,939
1,2,2,"EX HACIENDA COAPA","TLALPAN",19.289509,-99.123894,"14390",51,21,4071,939
1,2,2,"CHURUBUSCO COUNTRY CLUB","COYOACAN",19.348024,-99.144867,"04210",18,4,4071,939
1,2,2,"LOS GIRASOLES","COYOACAN",19.309881,-99.126564,"04920",28,10,4071,939
1,2,2,"GIRASOLES III","TLALPAN",19.305569,-99.129326,"14310",7,2,4071,939
1,2,2,"SAN FRANCISCO CULHUACAN","COYOACAN",19.329527,-99.110756,"04440",4,2,4071,939
1,2,2,"PRADOS DE COYOACAN","",19.320889,-99.132973,"04810",12,3,4071,939
1,2,2,"CARMEN SERDAN","COYOACAN",19.321726,-99.106514,"04910",3,1,4071,939
1,2,2,"CENTINELA","COYOACAN",19.335615,-99.139938,"04450",5,2,4071,939
1,2,2,"","TLALPAN",19.28628,-99.147865,"14389",2,2,4071,939
1,2,2,"PRADOS DE COYOACAN","COYOACAN",19.320553,-99.134232,"04870",5,2,4071,939
1,2,2,"EX HACIENDA COAPA","COYOACAN",19.319662,-99.130348,"04830",49,14,4071,939
1,2,2,"FUENTES DEL PEDREGAL","TLALPAN",19.306499,-99.224487,"14140",6,3,4071,939
1,2,2,"NARCIZO MENDOZA","TLALPAN",19.195114,-99.151329,"14500",4,2,4071,939
1,2,2,"CAMPESTRE COYOACAN","COYOACAN",19.304405,-99.118042,"04940",8,3,4071,939
1,2,2,"RANCHO COLORINES","TLALPAN",19.288824,-99.136658,"14386",25,4,4071,939
1,2,2,"HERMOSILLO","COYOACAN",19.34473,-99.127777,"04240",4,2,4071,939
1,2,2,"SAN FRANCISCO CULHUACAN","COYOACAN",19.336552,-99.121025,"04260",67,17,4071,939
1,2,2,"JARDINES DE COYOACAN","COYOACAN",19.312931,-99.127388,"04890",14,8,4071,939
1,2,2,"SAN BARTOLO EL CHICO","TLALPAN",19.284882,-99.135559,"14380",6,3,4071,939
1,2,2,"PETROLERA TAXQUEÑA","COYOACAN",19.340202,-99.13324,"04410",4,2,4071,939
1,2,2,"CARMEN SERDAN","COYOACAN",19.321556,-99.113342,"04490",3,2,4071,939
1,2,2,"MIRADOR","COYOACAN",19.306387,-99.109428,"04939",1,1,4071,939
1,2,2,"AVANTE","COYOACAN",19.330515,-99.136726,"04460",36,12,4071,939
1,2,2,"ARBOLEDAS DEL SUR","TLALPAN",19.293495,-99.140373,"14376",6,3,4071,939
1,2,2,"EX HACIENDA DE COAPA","COYOACAN",19.313219,-99.121735,"04800",8,5,4071,939
1,2,2,"","COYOACAN",19.304905,-99.112396,"04970",16,8,4071,939
1,2,2,"RESIDENCIAL CAFETALES","COYOACAN",19.311857,-99.110413,"04918",77,17,4071,939
1,3,3,"HEROES DE PADIERNA","TLALPAN",19.286406,-99.218872,"14208",10,3,4071,625
1,3,3,"PEDREGAL DE SAN NICOLAS 4TA SECCION","TLALPAN",19.286222,-99.237183,"14100",19,7,4071,625
1,3,3,"RINCON DEL PEDREGAL","TLALPAN",19.311903,-99.219841,"14120",3,1,4071,625
1,3,3,"LA LONJA","TLALPAN",19.292734,-99.18084,"14268",8,3,4071,625
1,3,3,"PARQUE DEL PEDREGAL","TLALPAN",19.298786,-99.190948,"14010",20,8,4071,625
1,3,3,"POPULAR SANTA TERESA","TLALPAN",19.300285,-99.225128,"14160",1,1,4071,625
1,3,3,"JARDINES EN LA MONTAÑA","TLALPAN",19.30225,-99.200188,"14210",347,48,4071,625
1,3,3,"SAN ANDRES TOTOLTEPEC","TLALPAN",19.247236,-99.1726,"14400",16,6,4071,625
1,3,3,"UNIDAD EMILIO PORTES GIL","TLALPAN",19.304546,-99.217674,"14130",2,1,4071,625
1,3,3,"LOS ENCINOS","TLALPAN",19.277533,-99.228226,"14239",1,1,4071,625
1,3,3,"TLALCOLIGIA","TLALPAN",19.276464,-99.171165,"14430",4,2,4071,625
1,3,3,"FUENTES DEL PEDREGAL","TLALPAN",19.307632,-99.215378,"14110",32,10,4071,625
1,3,3,"LOMAS DE CUILOTEPEC","TLALPAN",19.270041,-99.235962,"14737",4,1,4071,625
1,3,3,"SAN ANDRES AHUAYUCAN","XOCHIMILCO",19.223003,-99.111214,"16813",5,1,4071,625
1,3,3,"SAN ANDRES TOTOLTEPEC","TLALPAN",19.257948,-99.177391,"14659",3,2,4071,625
1,3,3,"LOMAS DE PADIERNA","TLALPAN",19.293539,-99.221474,"14240",29,12,4071,625
1,3,3,"RINCON DEL MIRADOR I","TLALPAN",19.271881,-99.221565,"14748",4,1,4071,625
1,3,3,"SANTA URSULA XITLA","TLALPAN",19.282394,-99.173996,"14420",36,12,4071,625
1,3,3,"AMPLIACION MIGUEL HIDALGO","TLALPAN",19.278175,-99.200974,"14250",27,12,4071,625
1,3,3,"HEROES DE PADIERNA","TLALPAN",19.282709,-99.218636,"14200",54,14,4071,625
1,4,4,"TORIELLO GUERRA","TLALPAN",19.295506,-99.159821,"14050",83,20,4071,443
1,4,4,"ARENAL TEPEPAN","TLALPAN",19.279428,-99.143814,"14600",15,5,4071,443
1,4,4,"LA OTRA BANDA","COYOACAN",19.335712,-99.195122,"04519",7,2,4071,443
1,4,4,"TLALPAN","TLALPAN",19.280373,-99.184372,"14410",12,2,4071,443
1,4,4,"EJIDOS DE SAN PEDRO MARTIR","TLALPAN",19.270599,-99.156769,"14640",5,2,4071,443
1,4,4,"","TLALPAN",19.282478,-99.144119,"14610",10,3,4071,443
1,4,4,"FUENTES DE TEPEPAN","TLALPAN",19.270018,-99.151093,"14643",8,3,4071,443
1,4,4,"EL CARACOL","COYOACAN",19.302994,-99.162537,"04739",26,9,4071,443
1,4,4,"TLALPAN","TLALPAN",19.218948,-99.204117,"14710",2,1,4071,443
1,4,4,"SAN FERNANDO","TLALPAN",19.296532,-99.172691,"14070",7,2,4071,443
1,4,4,"TLALPAN CENTRO","TLALPAN",19.285366,-99.171448,"14000",107,38,4071,443
1,4,4,"","TLALPAN",19.281328,-99.156158,"14620",9,6,4071,443
1,4,4,"TLALPAN LA JOYA","TLALPAN",19.297291,-99.185699,"14020",48,9,4071,443
1,4,4,"CHIMALCOYOTL","TLALPAN",19.276363,-99.166168,"14630",9,5,4071,443
1,4,4,"ISIDRO FABELA","TLALPAN",19.300982,-99.171715,"14030",10,3,4071,443
1,4,4,"SAN PEDRO MARTIR","TLALPAN",19.267284,-99.168556,"14650",27,8,4071,443
1,4,4,"PEÑA POBRE","TLALPAN",19.2985,-99.183144,"14060",7,3,4071,443
1,4,4,"CLUB DE GOLF MEXICO","TLALPAN",19.280727,-99.150307,"14609",2,1,4071,443
1,4,4,"LA JOYA","TLALPAN",19.280746,-99.164688,"14090",40,6,4071,443
1,4,4,"GRANJAS COAPA","TLALPAN",19.301138,-99.16433,"14049",9,5,4071,443
1,5,5,"PUEBLO SAN MIGUEL AJUSCO","TLALPAN",19.233919,-99.183372,"14480",2,1,4071,13
1,5,5,"SAN MIGUEL TEHUISCO","TLALPAN",19.207405,-99.15918,"14520",1,1,4071,13
1,5,5,"","TLALPAN",19.228922,-99.20179,"14700",4,2,4071,13
1,5,5,"CULHUACAN","COYOACAN",19.323698,-99.120819,"04480",6,2,4071,13
1,6,6,"","XOCHIMILCO",19.250818,-99.117722,"16200",7,5,4071,336
1,6,6,"XALTOCAN","XOCHIMILCO",19.261974,-99.10154,"16090",37,14,4071,336
1,6,6,"VILLA MILPA ALTA","MILPA ALTA",19.191139,-99.023666,"12000",9,3,4071,336
1,6,6,"BARRIO DE SAN CRISTOBAL","XOCHIMILCO",19.24346,-99.089645,"16457",1,1,4071,336
1,6,6,"LA ASUNCION","XOCHIMILCO",19.268736,-99.103035,"16040",1,1,4071,336
1,6,6,"SAN LORENZO LA CEBADA","XOCHIMILCO",19.280117,-99.118858,"16035",46,15,4071,336
1,6,6,"JARDINES DEL SUR","XOCHIMILCO",19.260742,-99.115181,"16050",20,8,4071,336
1,6,6,"PASEOS DEL SUR","XOCHIMILCO",19.276751,-99.125397,"16010",43,11,4071,336
1,6,6,"SAN MATEO XALPA","XOCHIMILCO",19.232273,-99.120438,"16800",10,3,4071,336
1,6,6,"PARRES EL GUARDA","TLALPAN",19.135948,-99.176758,"14900",1,1,4071,336
1,6,6,"","XOCHIMILCO",19.281748,-99.109444,"16034",4,2,4071,336
1,6,6,"PUEBLO SAN PEDRO ATOCPAN","MILPA ALTA",19.200489,-99.050095,"12200",6,2,4071,336
1,6,6,"XALTOCAN","XOCHIMILCO",19.251043,-99.099388,"16450",1,1,4071,336
1,6,6,"POTRERO DE SAN BENARDINO","XOCHIMILCO",19.268776,-99.120445,"16030",58,11,4071,336
1,6,6,"SAN MATEO XALPA","XOCHIMILCO",19.247046,-99.141945,"14655",2,1,4071,336
1,6,6,"BARRIO DE XALTOCAN","XOCHIMILCO",19.247047,-99.084496,"16440",3,1,4071,336
1,6,6,"GUADALUPITA","XOCHIMILCO",19.257696,-99.022118,"16710",5,3,4071,336
1,6,6,"LA GUADALUPITA","XOCHIMILCO",19.2635,-99.102928,"16070",9,5,4071,336
1,6,6,"SANTA MARIA TEPEPAN","XOCHIMILCO",19.27346,-99.134758,"16020",47,16,4071,336
1,6,6,"BARRIO LA CONCEPCION","COYOACAN",19.344831,-99.156967,"04020",15,5,4071,336
1,6,6,"TEJOMULCO EL BAJO","XOCHIMILCO",19.245573,-99.083961,"16429",11,1,4071,336
1,7,7,"","TLALPAN",19.293049,-99.185356,"14260",3,3,4071,8
1,7,7,"MIGUEL HIDALGO 1 SECCION","TLALPAN",19.294434,-99.182129,"14267",5,3,4071,8
1,,,"SAN JUAN MOYOTEPEC","XOCHIMILCO",19.255751,-99.070389,"16514",3,1,4071,885
1,,,"AMPLIACION SAN MARCOS NORTE","XOCHIMILCO",19.26704,-99.113472,"16038",10,3,4071,885
1,,,"SAN ESTEBAN","XOCHIMILCO",19.261614,-99.097572,"16080",2,1,4071,885
1,,,"BARRIO LA FAMA","TLALPAN",19.291016,-99.178406,"14269",2,1,4071,885
1,,,"","TLALPAN",19.234276,-99.165108,"14490",4,2,4071,885
1,,,"TRES DE MAYO","TLALPAN",19.240051,-99.239281,"14760",3,1,4071,885
1,,,"SAN LUCAS XOCHIMANCA","XOCHIMILCO",19.244373,-99.107162,"16340",1,1,4071,885
1,,,"CALPULCO","XOCHIMILCO",19.232769,-99.148849,"16216",2,1,4071,885
1,,,"SANTA CRUZ ACALPIXCA","XOCHIMILCO",19.245262,-99.074814,"16500",7,2,4071,885
1,,,"PRADO COAPA PRIMERA SECCION","TLALPAN",19.303469,-99.13089,"14350",2,1,4071,885
1,,,"","XOCHIMILCO",19.257689,-99.076118,"16517",2,2,4071,885
1,,,"COAPA LAS CAMPAÑAS","COYOACAN",19.308958,-99.12056,"04929",3,1,4071,885
1,,,"","COYOACAN",19.346823,-99.162941,"04000",44,17,4071,885
1,,,"SANTA CECILIA TEPETLAPA","XOCHIMILCO",19.219572,-99.102196,"16880",2,1,4071,885
1,,,"","XOCHIMILCO",19.255865,-99.121376,"16210",4,2,4071,885
1,,,"PUEBLO SAN ANTONIO TECOMITL","MILPA ALTA",19.229767,-98.99408,"13550",5,2,4071,885
1,,,"TORILLOGUERRA","TLALPAN",19.297249,-99.172234,"14039",2,1,4071,885
1,,,"COPILCO","COYOACAN",19.338169,-99.182556,"04359",9,1,4071,885
1,,,"LOS FRAMBOLLANES","TLALPAN",19.304813,-99.220741,"14150",8,1,4071,885
1,,,"PEDREGAL DE LA ZORRA","COYOACAN",19.306288,-99.160362,"04660",4,1,4071,885
1,,,"BARRIO SAN PEDRO","XOCHIMILCO",19.244894,-99.013145,"16799",8,1,4071,885
1,,,"SAN IGNACIO TLACHUTEPEC","XOCHIMILCO",19.224171,-99.105499,"16810",1,1,4071,885
1,,,"BARRIO SAN PEDRO XOCHIMILCO","XOCHIMILCO",19.199734,-99.103622,"16888",1,1,4071,885
1,,,"LAS ANIMAS","XOCHIMILCO",19.257931,-99.01976,"16749",8,1,4071,885
1,,,"SAN AGUSTIN","TLAHUAC",19.225334,-98.965141,"13630",2,1,4071,885
1,,,"AMPLIACION TEPEPAN","XOCHIMILCO",19.266342,-99.135284,"16029",8,1,4071,885
1,,,"PEDREGAL DE CARRASCO","COYOACAN",19.305325,-99.173355,"04718",1,1,4071,885
1,,,"TERCERA SECCION DE CERRILLOS TULYEHUALCO","XOCHIMILCO",19.25437,-99.01635,"16770",3,1,4071,885
1,,,"TENORIOS FOVISSSTE","TLALPAN",19.294647,-99.117851,"14329",2,1,4071,885
1,,,"BARRIO SAN JUAN","XOCHIMILCO",19.264977,-99.107185,"16000",3,1,4071,885
2,1,8,"DR ALFONSO ORTIZ TIRADO","IZTAPALAPA",19.38448,-99.080078,"09020",56,11,5339,486
2,1,8,"LOS REYES","TLAHUAC",19.263605,-99.00811,"13080",2,1,5339,486
2,1,8,"AMPLIACION GABRIEL RAMOS MILLAN","IZTACALCO",19.393764,-99.101852,"08730",4,2,5339,486
2,1,8,"","TLAHUAC",19.272169,-99.001335,"13040",10,3,5339,486
2,1,8,"EL ROSARIO","IZTAPALAPA",19.303709,-99.064224,"09930",2,1,5339,486
2,1,8,"AGRICOLA ORIENTAL","IZTACALCO",19.39419,-99.072357,"08500",255,77,5339,486
2,1,8,"AGRICOLA ORIENTAL","IZTACALCO",19.390156,-99.070358,"08580",1,1,5339,486
2,1,8,"JUAN ESCUTIA","IZTAPALAPA",19.391218,-99.042892,"09100",59,17,5339,486
2,1,8,"PASEOS DE CHURUBUSCO","IZTAPALAPA",19.388018,-99.08744,"09030",24,7,5339,486
2,1,8,"RICARDO FLORES MAGON","IZTAPALAPA",19.355078,-99.099785,"09828",5,2,5339,486
2,1,8,"SAN LORENZO XICOTENCATL","IZTAPALAPA",19.381008,-99.027199,"09130",4,1,5339,486
2,1,8,"SANTA CATARINA TLAHUAC","TLAHUAC",19.311939,-98.962799,"13150",3,1,5339,486
2,1,8,"SAN FRANCISCO TLALTENCO","TLAHUAC",19.296503,-99.014351,"13400",7,4,5339,486
2,1,8,"","IZTACALCO",19.384727,-99.095055,"08020",5,3,5339,486
2,1,8,"VALLE DEL SUR","IZTAPALAPA",19.345625,-99.113281,"09819",44,10,5339,486
2,1,8,"CAMPESTRE POTRERO","IZTAPALAPA",19.328196,-98.972137,"09637",5,2,5339,486
2,2,9,"ACULCO","IZTAPALAPA",19.375923,-99.104118,"09410",19,11,5339,576
2,2,9,"CENTRAL DE ABASTO","IZTAPALAPA",19.37797,-99.08699,"09040",210,69,5339,576
2,2,9,"LOS OLIVOS","TLAHUAC",19.293152,-99.060028,"13250",6,1,5339,576
2,2,9,"EL BANDIJAL","IZTAPALAPA",19.362011,-99.137238,"09450",10,4,5339,576
2,2,9,"NUEVA ROSITA","IZTAPALAPA",19.379002,-99.101997,"09420",21,5,5339,576
2,2,9,"","IZTACALCO",19.384405,-99.106613,"08900",10,4,5339,576
2,2,9,"LA CRUZ","IZTACALCO",19.403708,-99.115692,"08310",62,16,5339,576
2,2,9,"PRADO","IZTAPALAPA",19.358418,-99.134918,"09480",28,7,5339,576
2,2,9,"LOS OLIVOS","TLAHUAC",19.301714,-99.057106,"13210",28,6,5339,576
2,2,9,"SAN ANDRES TETEPILCO","IZTAPALAPA",19.37286,-99.129135,"09440",101,35,5339,576
2,2,9,"MILITAR MARTE","IZTACALCO",19.382093,-99.128876,"08830",34,11,5339,576
2,2,9,"CENTRAL DE ABASTO","IZTAPALAPA",19.38896,-99.089844,"08030",9,4,5339,576
2,2,9,"LOS CIPRESES","IZTAPALAPA",19.335066,-98.998787,"09696",1,1,5339,576
2,2,9,"SINATEL","IZTAPALAPA",19.359194,-99.131798,"09470",37,7,5339,576
2,3,10,"LEYES DE REFORMA 1A SECCION","IZTAPALAPA",19.370689,-99.070755,"09310",93,30,5339,1226
2,3,10,"APATLACO","IZTAPALAPA",19.379135,-99.120483,"09430",58,16,5339,1226
2,3,10,"EL SIFON","IZTAPALAPA",19.371439,-99.117279,"09400",44,16,5339,1226
2,3,10,"GUADALUPE DEL MORAL","IZTAPALAPA",19.367205,-99.077103,"09300",64,18,5339,1226
2,3,10,"SAN FRANCISCO XILCANTONGO","IZTACALCO",19.395126,-99.124527,"08230",16,7,5339,1226
2,3,10,"PURISIMA ATLAZOLPA","IZTAPALAPA",19.38076,-99.107903,"09429",19,8,5339,1226
2,3,10,"AMPLIACION BARRIO SAN MIGUEL","IZTAPALAPA",19.34343,-98.988029,"09630",3,1,5339,1226
2,3,10,"BARRIO SAN MIGUEL","IZTACALCO",19.391623,-99.115776,"08650",21,6,5339,1226
2,3,10,"BARRIO SAN PEDRO","IZTACALCO",19.393841,-99.128944,"08220",30,10,5339,1226
2,3,10,"GUADALUPE DEL MORAL","IZTAPALAPA",19.366556,-99.085167,"09000",550,37,5339,1226
2,3,10,"FRACCIONAMIENTO INDUSTRIAL DEL MORAL","IZTAPALAPA",19.388088,-99.082687,"09010",1,1,5339,1226
2,3,10,"REFORMA IZTACCIHUATL NORTE","IZTACALCO",19.385912,-99.128922,"08810",26,7,5339,1226
2,3,10,"GUADALUPE DEL MORAL","IZTAPALAPA",19.372129,-99.068802,"09330",1,1,5339,1226
2,3,10,"SAN MIGUEL","IZTAPALAPA",19.357502,-99.079903,"09360",67,17,5339,1226
2,3,10,"VIADUCTO PIEDAD","IZTACALCO",19.400293,-99.13311,"08200",77,22,5339,1226
2,3,10,"SANTA MARIA TOMATLAN","IZTAPALAPA",19.324793,-99.101631,"09870",18,6,5339,1226
2,3,10,"FRACCIONAMIENTO INDUSTRIAL DEL MORAL","IZTAPALAPA",19.384628,-99.071381,"09319",110,33,5339,1226
2,3,10,"CONSTITUCION DE 1917","IZTAPALAPA",19.349709,-99.058472,"09260",13,6,5339,1226
2,3,10,"CAMPAMENTO 2 DE OCTUBRE","IZTACALCO",19.383905,-99.116089,"08930",15,4,5339,1226
2,4,11,"UNIDAD MODELO","IZTAPALAPA",19.36433,-99.125122,"09089",9,3,5339,317
2,4,11,"MEXICALTZINGO","IZTAPALAPA",19.357143,-99.120583,"09099",20,4,5339,317
2,4,11,"LA ESPERANZA","IZTAPALAPA",19.311911,-99.077072,"09910",36,10,5339,317
2,4,11,"SECTOR POPULAR","IZTAPALAPA",19.365355,-99.116356,"09060",47,19,5339,317
2,4,11,"EMPERADOR CACAMA","IZTAPALAPA",19.359941,-99.12175,"09080",7,4,5339,317
2,4,11,"CUAUHTEMOC","CUAUHTEMOC",19.300037,-99.07827,"09970",9,2,5339,317
2,4,11,"GRANJAS SAN ANTONIO","IZTAPALAPA",19.364347,-99.107315,"09070",153,35,5339,317
2,4,11,"HEROES DE CHURUBUSCO","IZTAPALAPA",19.362432,-99.119324,"09090",36,8,5339,317
2,5,12,"","IZTAPALAPA",19.351688,-99.078316,"09837",19,4,5339,630
2,5,12,"LOMAS ESTRELLA","IZTAPALAPA",19.312479,-99.092682,"09897",2,1,5339,630
2,5,12,"LOA REYES CULHUACAN","IZTAPALAPA",19.348719,-99.107124,"09840",2,1,5339,630
2,5,12,"EL VERGEL","IZTAPALAPA",19.318405,-99.085854,"09880",68,23,5339,630
2,5,12,"EL MANTO","IZTAPALAPA",19.347887,-99.078072,"09858",2,1,5339,630
2,5,12,"GRANJAS ESMERALDA","IZTAPALAPA",19.353571,-99.115059,"09810",159,34,5339,630
2,5,12,"PARAJE SAN JUAN","IZTAPALAPA",19.345436,-99.072166,"09830",66,19,5339,630
2,5,12,"SANTA ISABEL INDUSTRIAL","IZTAPALAPA",19.35276,-99.103409,"09820",55,21,5339,630
2,5,12,"AMPLIACION LOS REYES CULHUACAN","IZTAPALAPA",19.346165,-99.103058,"09849",1,1,5339,630
2,5,12,"PUEBLO CULHUACAN","IZTAPALAPA",19.336506,-99.109543,"09800",90,22,5339,630
2,5,12,"LOMAS ESTRELLA SEGUNDA SECCION","IZTAPALAPA",19.320311,-99.094086,"09890",33,10,5339,630
2,5,12,"CERRO DE LA ESTRELLA","IZTAPALAPA",19.321762,-99.082436,"09889",1,1,5339,630
2,5,12,"","IZTAPALAPA",19.302219,-99.018692,"13419",2,2,5339,630
2,5,12,"SAN JUAN XALPA","IZTAPALAPA",19.330111,-99.084557,"09850",30,15,5339,630
2,5,12,"CERRO DE LA ESTRELLA","IZTAPALAPA",19.327456,-99.081108,"09864",4,1,5339,630
2,5,12,"CERRO DE LA ESTRELLA","IZTAPALAPA",19.324543,-99.076492,"09860",84,23,5339,630
2,5,12,"EL MANTO","IZTAPALAPA",19.352938,-99.084099,"09838",12,3,5339,630
2,6,13,"RENOVACION","IZTAPALAPA",19.369354,-99.054535,"09207",29,7,5339,1387
2,6,13,"JACARANDAS","IZTAPALAPA",19.345776,-99.052216,"09280",20,5,5339,1387
2,6,13,"CHINAM PAC DE JUAREZ","IZTAPALAPA",19.381302,-99.044006,"09208",31,9,5339,1387
2,6,13,"RENOVACION","IZTAPALAPA",19.369541,-99.05014,"09209",5,2,5339,1387
2,6,13,"SANTA MARIA AZTAHUACAN","IZTAPALAPA",19.357811,-99.034172,"09570",94,26,5339,1387
2,6,13,"","IZTAPALAPA",19.35697,-99.062889,"09240",7,4,5339,1387
2,6,13,"AGRICOLA PANTITLAN","IZTACALCO",19.410568,-99.06398,"08100",196,50,5339,1387
2,6,13,"SEGUNDA AMPLIACION SANTIAGO ACAHUALTEPEC","IZTAPALAPA",19.351246,-99.01178,"09608",1,1,5339,1387
2,6,13,"SANTA MARTHA ACATITLA","IZTAPALAPA",19.357092,-99.003372,"09600",2,1,5339,1387
2,6,13,"FRANCISCO VILLA","IZTAPALAPA",19.339098,-99.055992,"09720",15,6,5339,1387
2,6,13,"LA ASUNCION","TLAHUAC",19.27235,-99.006729,"13000",10,3,5339,1387
2,6,13,"","IZTAPALAPA",19.344692,-99.015587,"09640",33,11,5339,1387
2,6,13,"CITLALLI","IZTAPALAPA",19.344126,-99.024597,"09660",10,5,5339,1387
2,6,13,"SANTA MARTHA ACATITLA NORTE","IZTAPALAPA",19.376009,-99.016136,"09140",25,11,5339,1387
2,6,13,"SAN SEBASTIAN TECOLOXTITLA","IZTAPALAPA",19.361168,-99.017906,"09520",10,3,5339,1387
2,6,13,"SANTA MARIA AZTAHUACAN","IZTAPALAPA",19.348597,-99.025063,"09500",63,21,5339,1387
2,6,13,"SANTA MARTHA ACATITLA","IZTAPALAPA",19.361391,-99.007393,"09510",46,16,5339,1387
2,6,13,"SANTA MARTHA ACATITLA","IZTAPALAPA",19.369209,-99.01696,"09530",42,17,5339,1387
2,6,13,"COLONIAL IZTAPALAPA","IZTAPALAPA",19.347023,-99.056641,"09270",3,3,5339,1387
2,6,13,"","IZTAPALAPA",19.348486,-99.013145,"09609",9,4,5339,1387
2,6,13,"REFORMA POLITICA","IZTAPALAPA",19.341534,-99.029739,"09730",16,7,5339,1387
2,6,13,"AGRICOLA PANTITLAN","IZTACALCO",19.406765,-99.067734,"08188",5,1,5339,1387
2,6,13,"GRANJAS MEXICO","IZTACALCO",19.401224,-99.101204,"08400",555,106,5339,1387
2,6,13,"TEPALCATES","IZTAPALAPA",19.392849,-99.054939,"09210",47,14,5339,1387
2,6,13,"","IZTAPALAPA",19.366934,-99.037491,"09578",4,2,5339,1387
2,6,13,"DESARROLLO URBANO QUETZALCOATL","IZTAPALAPA",19.337,-99.039764,"09700",66,27,5339,1387
2,6,13,"SANTA MARIA AZTAHUACAN","IZTAPALAPA",19.323824,-99.034767,"09706",12,3,5339,1387
2,6,13,"SANTA CRUZ MEYEHUALCO","IZTAPALAPA",19.348272,-99.045685,"09290",18,7,5339,1387
2,6,13,"GABRIEL RAMOS MILLAN SECCION BRAMADERO","IZTACALCO",19.390602,-99.097145,"08000",13,4,5339,1387
2,7,14,"AMPLIACION JOSE LOPEZ PORTILLO","TLAHUAC",19.305874,-99.041397,"13318",1,1,5339,300
2,7,14,"","TLAHUAC",19.309792,-99.077759,"13300",14,7,5339,300
2,7,14,"SANTA CATARINA YECAHUIZOTL","TLAHUAC",19.304903,-98.967957,"13180",13,2,5339,300
2,7,14,"CONSEJO AGRARISTA MEXICANO","IZTAPALAPA",19.325798,-99.055145,"09760",13,5,5339,300
2,7,14,"SELENE","TLAHUAC",19.284119,-99.006966,"13420",11,4,5339,300
2,7,14,"LA NOPALERA","TLAHUAC",19.29917,-99.051315,"13220",14,6,5339,300
2,7,14,"SAN LORENZO TEZONCO","IZTAPALAPA",19.307421,-99.065208,"09790",6,3,5339,300
2,7,14,"AMPLIACION EMILIANO ZAPATA","IZTAPALAPA",19.341654,-98.979004,"09638",1,1,5339,300
2,7,14,"","TLAHUAC",19.294647,-99.036697,"13360",38,14,5339,300
2,7,14,"SANTA CATARINA YECAHUITZOTL","TLAHUAC",19.32378,-98.960533,"13120",8,3,5339,300
2,7,14,"SAN LORENZO TEZONCO","IZTAPALAPA",19.294899,-99.07135,"09960",3,1,5339,300
2,7,14,"LA ESTACION","TLAHUAC",19.310678,-99.041954,"13319",5,2,5339,300
2,7,14,"PUENTE BLANCO","IZTAPALAPA",19.327274,-99.065025,"09770",2,2,5339,300
2,7,14,"LA DRAGA","TLAHUAC",19.284069,-99.046524,"13273",8,4,5339,300
2,7,14,"DEL MAR","TLAHUAC",19.290298,-99.060112,"13270",8,4,5339,300
2,7,14,"LOMAS DE SAN LORENZO","IZTAPALAPA",19.317799,-99.065102,"09780",22,11,5339,300
2,7,14,"BARRIO DE ZAPOTLA","IZTACALCO",19.395708,-99.121742,"08610",14,4,5339,300
2,7,14,"LAS ARBOLEDAS","TLAHUAC",19.306299,-99.0541,"13219",24,7,5339,300
2,7,14,"","TLAHUAC",19.308773,-99.039185,"13310",2,2,5339,300
2,7,14,"","IZTAPALAPA",19.30542,-99.082481,"09920",17,5,5339,300
2,7,14,"MIGUEL HIDALGO","TLAHUAC",19.290245,-99.045425,"13200",22,9,5339,300
2,7,14,"EJIDOS DEL MORAL","IZTAPALAPA",19.305975,-99.075226,"09900",39,18,5339,300
2,7,14,"SAN JOSE TLAHUAC","TLAHUAC",19.277653,-98.993073,"13020",5,2,5339,300
2,7,14,"LA HERA","IZTAPALAPA",19.332357,-99.058136,"09740",8,4,5339,300
2,7,14,"","",19.303263,-98.965942,"13100",2,2,5339,300
2,,,"JUVENTINO ROSAS","IZTACALCO",19.392429,-99.105774,"08700",21,5,5339,885
2,,,"OLIVAR SANTA MARIA","TLAHUAC",19.247982,-99.006355,"13546",10,1,5339,885
2,,,"PARAJE SAN JUAN","IZTAPALAPA",19.338818,-99.067421,"09839",4,1,5339,885
2,,,"AMPLIACION EL SANTUARIO","IZTAPALAPA",19.350361,-99.096199,"09829",18,2,5339,885
2,,,"AMPLIACION LOS OLIVOS","IZTAPALAPA",19.303862,-99.029404,"13314",2,1,5339,885
2,,,"JUSTO SIERRA","IZTAPALAPA",19.36014,-99.135422,"09460",16,5,5339,885
2,,,"BARRIO LA ASUNCION","IZTACALCO",19.39073,-99.121513,"08600",4,2,5339,885
2,,,"","IZTACALCO",19.387812,-99.121506,"08910",6,2,5339,885
2,,,"PARAJE ZACATEPEC","IZTAPALAPA",19.359102,-99.019737,"09560",1,1,5339,885
2,,,"SANTIAGO ZAPOTITLA","TLAHUAC",19.302286,-99.041946,"13316",7,1,5339,885
2,,,"EL RODEO","IZTACALCO",19.395372,-99.084503,"08510",5,3,5339,885
2,,,"EJERCITO DE ORIENTE","IZTAPALAPA",19.370655,-99.030304,"09239",3,1,5339,885
2,,,"LAS PEÑAS","IZTAPALAPA",19.336626,-99.051201,"09750",8,4,5339,885
2,,,"LA ERA","IZTAPALAPA",19.333162,-99.020981,"09680",1,1,5339,885
2,,,"AMPLIACION EL TRIUNFO","IZTAPALAPA",19.376867,-99.115112,"09438",5,2,5339,885
2,,,"RAMOS MILLAN","IZTACALCO",19.394569,-99.10807,"08720",16,3,5339,885
2,,,"INPI LOS PICOS","IZTACALCO",19.388075,-99.104561,"08760",14,2,5339,885
2,,,"EX-EJIDO DE LA MAGDALENA MIXHUCA","IZTACALCO",19.393305,-99.089462,"08010",4,3,5339,885
2,,,"JARDINES TECMA","IZTACALCO",19.388113,-99.115799,"08920",4,1,5339,885
2,,,"SIDERAL","IZTAPALAPA",19.373949,-99.064194,"09320",4,1,5339,885
2,,,"NUEVA SANTA ANITA","IZTACALCO",19.398327,-99.129227,"08210",65,4,5339,885
2,,,"UNIDAD HABITACIONAL VICENTE GUERRERO","IZTAPALAPA",19.361553,-99.064369,"09200",1,1,5339,885
2,,,"REFORMA IZTACCIHUATL SUR","IZTACALCO",19.377245,-99.129089,"08840",14,6,5339,885
2,,,"LOMAS DE ZARAGOZA","IZTAPALAPA",19.357729,-99.001984,"09620",1,1,5339,885
2,,,"PUEBLO SAN JUAN IXTAYOPAN BARRIO LA ASUNCION","TLAHUAC",19.230917,-98.999077,"13530",2,1,5339,885
2,,,"AMPLIACION SINATEL","IZTAPALAPA",19.366116,-99.129044,"09479",6,2,5339,885
2,,,"SANTA CECILIA","TLAHUAC",19.279684,-99.009071,"13010",3,2,5339,885
2,,,"SAN FRANCISCO XICALTONGO","IZTACALCO",19.391756,-99.125595,"08240",27,2,5339,885
2,,,"LA HABANA","TLAHUAC",19.270836,-98.997932,"13050",3,2,5339,885
2,,,"SANTA ANITA","IZTACALCO",19.399387,-99.122208,"08300",74,10,5339,885
2,,,"BARRIO DE LOS REYES","IZTACALCO",19.395504,-99.117767,"08620",20,7,5339,885
2,,,"SANTIAGO SUR","IZTACALCO",19.387465,-99.12571,"08800",13,5,5339,885
3,1,15,"NUEVA INDUSTRIAL VALLEJO","GUSTAVO A MADERO",19.496206,-99.141716,"07739",3,2,3742,1005
3,1,15,"VALLE DEL TEPEYAC","GUSTAVO A MADERO",19.488749,-99.140366,"07740",1,1,3742,1005
3,1,15,"LA ESCALERA","GUSTAVO A MADERO",19.510962,-99.135574,"07320",29,10,3742,1005
3,1,15,"LINDAVISTA VALLEJO","GUSTAVO A MADERO",19.494448,-99.148293,"07755",2,1,3742,1005
3,1,15,"NUEVA VALLEJO","GUSTAVO A MADERO",19.493338,-99.151413,"07750",56,22,3742,1005
3,1,15,"VALLEJO PONIENTE","GUSTAVO A MADERO",19.474211,-99.142128,"07790",42,12,3742,1005
3,1,15,"SIETE MARAVILLAS","GUSTAVO A MADERO",19.516142,-99.146408,"07707",12,6,3742,1005
3,1,15,"MAGDALENA DE LAS SALINAS","GUSTAVO A MADERO",19.482571,-99.140617,"07760",126,33,3742,1005
3,1,15,"TORRES DE LINDA VISTA","GUSTAVO A MADERO",19.508911,-99.14666,"07708",23,6,3742,1005
3,1,15,"RESIDENCIAL ACUEDUCTO DE GUADALUPE","GUSTAVO A MADERO",19.523809,-99.148117,"07270",34,7,3742,1005
3,1,15,"VILLA GUSTAVO A MADERO","GUSTAVO A MADERO",19.482517,-99.113617,"07050",19,6,3742,1005
3,1,15,"SANTA ROSA","GUSTAVO A MADERO",19.521931,-99.167099,"07620",34,12,3742,1005
3,1,15,"SAN JOSE TICOMAN","GUSTAVO A MADERO",19.509235,-99.129471,"07340",22,5,3742,1005
3,1,15,"RESIDENCIAL ZACATENCO","GUSTAVO A MADERO",19.514736,-99.124542,"07359",5,2,3742,1005
3,1,15,"SANTA MARIA TICOMAN","GUSTAVO A MADERO",19.516357,-99.131653,"07330",18,6,3742,1005
3,1,15,"RESIDENCIAL ZACATENCO","GUSTAVO A MADERO",19.502275,-99.124855,"07369",38,12,3742,1005
3,1,15,"LINDAVISTA VALLEJO","GUSTAVO A MADERO",19.499346,-99.150841,"07720",3,1,3742,1005
3,1,15,"LINDAVISTA","GUSTAVO A MADERO",19.491867,-99.130089,"07300",259,75,3742,1005
3,1,15,"DEFENSORES DE LA REPUBLICA","GUSTAVO A MADERO",19.472879,-99.142693,"07780",14,4,3742,1005
3,1,15,"SAN BARTOLO ATEPEHUACAN","GUSTAVO A MADERO",19.49262,-99.142235,"07730",48,14,3742,1005
3,1,15,"AMPLIACION PANAMERICANA","GUSTAVO A MADERO",19.478937,-99.141975,"07770",15,4,3742,1005
3,1,15,"DEFENSORES DE LA REPUBLICA","GUSTAVO A MADERO",19.46236,-99.116051,"07880",12,4,3742,1005
3,1,15,"CAPULTITLAN","GUSTAVO A MADERO",19.478029,-99.135582,"07370",17,8,3742,1005
3,1,15,"NUEVA INDUSTRIAL VALLEJO","GUSTAVO A MADERO",19.508091,-99.150391,"07700",165,39,3742,1005
3,1,15,"","GUSTAVO A MADERO",19.477571,-99.136292,"07380",8,5,3742,1005
3,2,16,"PROVIDENCIA","GUSTAVO A MADERO",19.481525,-99.071671,"07550",6,3,3742,1100
3,2,16,"GUADALUPE TEPEYAC","GUSTAVO A MADERO",19.466719,-99.121445,"07840",55,16,3742,1100
3,2,16,"AMPLIACION CASAS ALEMAN","GUSTAVO A MADERO",19.475409,-99.085075,"07580",13,4,3742,1100
3,2,16,"TRES ESTRELLAS","GUSTAVO A MADERO",19.471117,-99.107613,"07820",19,9,3742,1100
3,2,16,"BONDOJITO","GUSTAVO A MADERO",19.464315,-99.106529,"07858",5,2,3742,1100
3,2,16,"GRANJAS MODERNAS","GUSTAVO A MADERO",19.479176,-99.100616,"07460",86,10,3742,1100
3,2,16,"ARAGON LA VILLA","GUSTAVO A MADERO",19.479145,-99.113045,"07000",19,7,3742,1100
3,2,16,"25 DE JULIO","GUSTAVO A MADERO",19.495804,-99.081688,"07520",3,2,3742,1100
3,2,16,"LA PRADERA","GUSTAVO A MADERO",19.478849,-99.065376,"07500",7,4,3742,1100
3,2,16,"SAN JUAN DE RAGON","GUSTAVO A MADERO",19.467722,-99.081917,"07919",4,3,3742,1100
3,2,16,"MALINCHE","GUSTAVO A MADERO",19.452888,-99.104393,"07899",10,3,3742,1100
3,2,16,"CONSTITUCION DE LA REPUBLICA","GUSTAVO A MADERO",19.482721,-99.101402,"07469",5,3,3742,1100
3,2,16,"","GUSTAVO A MADERO",19.469481,-99.065323,"07918",5,3,3742,1100
3,2,16,"INDUSTRIAL","GUSTAVO A MADERO",19.474442,-99.125519,"07800",105,29,3742,1100
3,2,16,"HEROES DE CHAPULTEPEC","GUSTAVO A MADERO",19.475143,-99.091156,"07939",1,1,3742,1100
3,2,16,"VASCO DE QUIROGA","GUSTAVO A MADERO",19.496176,-99.091087,"07440",5,3,3742,1100
3,2,16,"GRANJAS MODERNAS","GUSTAVO A MADERO",19.483692,-99.097778,"07400",24,4,3742,1100
3,2,16,"BONDOJITO","GUSTAVO A MADERO",19.467068,-99.10936,"07850",42,11,3742,1100
3,2,16,"MARTIRES DE RIO BLANCO","GUSTAVO A MADERO",19.462135,-99.105789,"07859",3,2,3742,1100
3,2,16,"GERTRUDIS SANCHEZ","GUSTAVO A MADERO",19.467295,-99.099472,"07839",21,2,3742,1100
3,2,16,"GERTRUDIS SANCHEZ 2A SECCION","GUSTAVO A MADERO",19.462116,-99.102287,"07838",11,6,3742,1100
3,2,16,"ESTRELLA","GUSTAVO A MADERO",19.476078,-99.118507,"07810",28,9,3742,1100
3,2,16,"","GUSTAVO A MADERO",19.452244,-99.070763,"07970",17,6,3742,1100
3,2,16,"","GUSTAVO A MADERO",19.453379,-99.056793,"07990",5,3,3742,1100
3,2,16,"VALLEJO","GUSTAVO A MADERO",19.467594,-99.130684,"07870",120,29,3742,1100
3,2,16,"ATZACOALCO CTM","GUSTAVO A MADERO",19.509541,-99.101486,"07090",15,8,3742,1100
3,2,16,"SAN JUAN DE ARAGON II SECCION","GUSTAVO A MADERO",19.455441,-99.089111,"07969",31,16,3742,1100
3,2,16,"GERTRUDIS SANCHEZ","GUSTAVO A MADERO",19.470142,-99.105225,"07830",3,1,3742,1100
3,2,16,"TEPEYAC INSURGENTES","GUSTAVO A MADERO",19.48624,-99.120331,"07020",87,25,3742,1100
3,2,16,"VALENTIN GOMEZ FARIAS","VENUSTIANO CARRANZA",19.41581,-99.091225,"15010",9,2,3742,1100
3,2,16,"NUEVA ATZACOALCO","GUSTAVO A MADERO",19.49896,-99.096107,"07040",37,11,3742,1100
3,2,16,"","GUSTAVO A MADERO",19.451517,-99.096527,"07960",4,2,3742,1100
3,2,16,"U H NARCISO BASSOLS","GUSTAVO A MADERO",19.455925,-99.058311,"07980",4,3,3742,1100
3,2,16,"SAN JUAN DE ARAGON","GUSTAVO A MADERO",19.46863,-99.092361,"07940",2,1,3742,1100
3,2,16,"AMPLIACION SAN JUAN DE ARAGON","GUSTAVO A MADERO",19.475908,-99.105293,"07470",55,17,3742,1100
3,2,16,"SAN PEDRO EL CHICO","GUSTAVO A MADERO",19.471596,-99.09816,"07480",6,3,3742,1100
3,2,16,"TABLAS DE SAN AGUSTIN","GUSTAVO A MADERO",19.464781,-99.113556,"07860",16,5,3742,1100
3,2,16,"SAN JUAN DE ARAGON","GUSTAVO A MADERO",19.454477,-99.063278,"07979",31,7,3742,1100
3,2,16,"","GUSTAVO A MADERO",19.485624,-99.109245,"07070",13,5,3742,1100
3,2,16,"SAN FELIPE DE JESUS","GUSTAVO A MADERO",19.495398,-99.075874,"07510",22,9,3742,1100
3,2,16,"CUCHILLA DEL TESORO","GUSTAVO A MADERO",19.447412,-99.061333,"07900",4,3,3742,1100
3,2,16,"CAMPESTRE ARAGON","GUSTAVO A MADERO",19.488651,-99.079651,"07530",7,2,3742,1100
3,2,16,"ESTRELLA","GUSTAVO A MADERO",19.541389,-99.132462,"07199",1,1,3742,1100
3,2,16,"SAN JUAN DE ARAGON","GUSTAVO A MADERO",19.467545,-99.085152,"07950",24,11,3742,1100
3,2,16,"DM NACIONAL SAN PEDRO EL CHICO","GUSTAVO A MADERO",19.476774,-99.094475,"07450",14,5,3742,1100
3,2,16,"VILLA HERMOSA","GUSTAVO A MADERO",19.50242,-99.092682,"07410",38,4,3742,1100
3,2,16,"NUEVA ATZACOALCO","GUSTAVO A MADERO",19.493401,-99.087982,"07420",4,3,3742,1100
3,2,16,"SANTA ISABEL TOLA","GUSTAVO A MADERO",19.498217,-99.114616,"07010",49,19,3742,1100
3,2,16,"EX EJIDO SAN JUAN DE ARAGON","GUSTAVO A MADERO",19.458773,-99.080101,"07920",5,1,3742,1100
3,3,17,"JARDIN BALBUENA","VENUSTIANO CARRANZA",19.418608,-99.107536,"15900",219,59,3742,662
3,3,17,"VALLE GOMEZ","VENUSTIANO CARRANZA",19.457279,-99.118332,"15210",6,4,3742,662
3,3,17,"LORENZO BOTURINI","VENUSTIANO CARRANZA",19.41548,-99.125565,"15820",57,14,3742,662
3,3,17,"MOCTEZUMA PRIMERA SECCION","VENUSTIANO CARRANZA",19.426655,-99.10688,"15500",14,5,3742,662
3,3,17,"MICHOACANA","VENUSTIANO CARRANZA",19.446222,-99.116096,"15240",2,1,3742,662
3,3,17,"ROMERO RUBIO","VENUSTIANO CARRANZA",19.442778,-99.094391,"15400",5,2,3742,662
3,3,17,"AQUILES SERDAN","VENUSTIANO CARRANZA",19.448265,-99.091301,"15430",13,4,3742,662
3,3,17,"MERCED BALBUENA","VENUSTIANO CARRANZA",19.419813,-99.123306,"15810",21,10,3742,662
3,3,17,"20 DE NOVIEMBRE","VENUSTIANO CARRANZA",19.439722,-99.112854,"15340",2,1,3742,662
3,3,17,"20 DE NOVIEMBRE","VENUSTIANO CARRANZA",19.4438,-99.10878,"15300",21,7,3742,662
3,3,17,"PUEBLO DE LA MAGDALENA MIXIUHCA","VENUSTIANO CARRANZA",19.411453,-99.1166,"15860",8,2,3742,662
3,3,17,"MERCED BALBUENA","VENUSTIANO CARRANZA",19.42915,-99.122437,"15100",61,19,3742,662
3,3,17,"MAGDALENA MIXIHUCA","VENUSTIANO CARRANZA",19.407602,-99.117813,"15850",42,10,3742,662
3,3,17,"20 DE NOVIEMBRE","VENUSTIANO CARRANZA",19.449219,-99.104439,"15309",8,4,3742,662
3,3,17,"24 DE ABRIL","VENUSTIANO CARRANZA",19.414871,-99.116028,"15980",3,3,3742,662
3,3,17,"MORELOS","VENUSTIANO CARRANZA",19.445011,-99.121986,"15270",23,6,3742,662
3,3,17,"AZTECA","VENUSTIANO CARRANZA",19.439573,-99.106476,"15320",11,1,3742,662
3,3,17,"JANITZIO","VENUSTIANO CARRANZA",19.449747,-99.12426,"15200",4,3,3742,662
3,3,17,"10 DE MAYO","VENUSTIANO CARRANZA",19.432644,-99.116196,"15290",6,1,3742,662
3,3,17,"EL PARQUE","VENUSTIANO CARRANZA",19.415895,-99.117577,"15960",10,1,3742,662
3,3,17,"AQUILES SERDAN","VENUSTIANO CARRANZA",19.447332,-99.103394,"15339",1,1,3742,662
3,3,17,"DAMIAN CARMONA","VENUSTIANO CARRANZA",19.441481,-99.104393,"15450",4,1,3742,662
3,3,17,"SIMON BOLIVAR","VENUSTIANO CARRANZA",19.448637,-99.097412,"15410",9,3,3742,662
3,3,17,"POPULAR RASTRO","VENUSTIANO CARRANZA",19.453209,-99.122482,"15220",42,9,3742,662
3,3,17,"SEVILLA","VENUSTIANO CARRANZA",19.41007,-99.124039,"15840",26,7,3742,662
3,3,17,"ADOLFO LOPEZ MATEOS","VENUSTIANO CARRANZA",19.422873,-99.07077,"15670",15,3,3742,662
3,3,17,"JAMAICA","VENUSTIANO CARRANZA",19.406565,-99.124329,"15800",26,9,3742,662
3,3,17,"SEVILLA","VENUSTIANO CARRANZA",19.411135,-99.125,"15830",1,1,3742,662
3,3,17,"20 DE NOVIEMBRE","VENUSTIANO CARRANZA",19.452663,-99.113075,"15310",2,1,3742,662
3,4,18,"FEDERAL","VENUSTIANO CARRANZA",19.422203,-99.089447,"15700",77,20,3742,767
3,4,18,"PENSADOR MEXICANO","VENUSTIANO CARRANZA",19.443266,-99.085037,"15510",67,24,3742,767
3,4,18,"IGNACIO ZARAGOZA","VENUSTIANO CARRANZA",19.427528,-99.067558,"15650",2,1,3742,767
3,4,18,"LA JOYA","GUSTAVO A MADERO",19.45672,-99.108208,"07890",11,5,3742,767
3,4,18,"CUATRO ARBOLES","VENUSTIANO CARRANZA",19.416668,-99.084702,"15730",1,1,3742,767
3,4,18,"INDUSTRIAL PUERTO AEREO","VENUSTIANO CARRANZA",19.421207,-99.093384,"15710",100,19,3742,767
3,4,18,"PUEBLA","VENUSTIANO CARRANZA",19.410236,-99.081993,"15020",20,5,3742,767
3,4,18,"MOCTEZUMA SEGUNDA SECCION","VENUSTIANO CARRANZA",19.433252,-99.095253,"15530",195,65,3742,767
3,4,18,"CARACOL","VENUSTIANO CARRANZA",19.426083,-99.066879,"15630",1,1,3742,767
3,4,18,"AVIACION CIVIL","VENUSTIANO CARRANZA",19.414175,-99.07795,"15740",20,6,3742,767
3,4,18,"PEÑON DE LOS BAÑOS","VENUSTIANO CARRANZA",19.439217,-99.082626,"15520",79,24,3742,767
3,4,18,"SANTA CRUZ AVIACION","VENUSTIANO CARRANZA",19.422791,-99.097221,"15540",33,3,3742,767
3,4,18,"CUCHILLA PANTITLAN","VENUSTIANO CARRANZA",19.421288,-99.062813,"15610",3,2,3742,767
3,4,18,"IGNACIO ZARAGOZA","VENUSTIANO CARRANZA",19.412506,-99.092407,"15000",49,13,3742,767
3,4,18,"PEÑON DE LOS BAÑOS","VENUSTIANO CARRANZA",19.438223,-99.076096,"15620",109,30,3742,767
3,6,19,"ARENAL PUERTO AEREO","VENUSTIANO CARRANZA",19.427624,-99.056778,"15660",3,2,3742,3
3,,,"OBRERO","GUSTAVO A MADERO",19.499287,-99.093102,"07430",1,1,3742,885
3,,,"VALLE DE MADERO","GUSTAVO A MADERO",19.563261,-99.132187,"07140",9,2,3742,885
3,,,"AMPLIACION CASTILLO GRANDE CUATEPEC BARRIO BAJO","GUSTAVO A MADERO",19.53474,-99.137535,"07259",1,1,3742,885
3,,,"EL ARBOLILLO","GUSTAVO A MADERO",19.528934,-99.1464,"07269",1,1,3742,885
3,,,"","VENUSTIANO CARRANZA",19.42914,-99.057701,"15640",4,2,3742,885
3,,,"PROGRESO NACIONAL","GUSTAVO A MADERO",19.519514,-99.163399,"07650",3,1,3742,885
3,,,"LA PASTORA","GUSTAVO A MADERO",19.525345,-99.139015,"07290",9,4,3742,885
3,,,"CUAUTEPEC DE MADERO","GUSTAVO A MADERO",19.550291,-99.136642,"07100",3,1,3742,885
3,,,"GUADALUPE VICTORIA I","GUSTAVO A MADERO",19.538063,-99.140678,"07209",5,2,3742,885
3,,,"CUAUTEPEC DE MADERO","GUSTAVO A MADERO",19.544849,-99.139503,"07200",6,3,3742,885
3,,,"CANDELARIA TICOMAN","GUSTAVO A MADERO",19.520216,-99.135933,"07310",1,1,3742,885
3,,,"PROGRESO NACIONAL","GUSTAVO A MADERO",19.51976,-99.159447,"07600",11,5,3742,885
3,,,"VILLA DE ARAGON","GUSTAVO A MADERO",19.464941,-99.059258,"07570",4,2,3742,885
3,,,"MADERO","VENUSTIANO CARRANZA",19.434547,-99.110634,"15370",2,1,3742,885
3,,,"CHALMA DE GUADALUPE","GUSTAVO A MADERO",19.547724,-99.159637,"07210",8,1,3742,885
3,,,"","VENUSTIANO CARRANZA",19.423832,-99.062637,"15600",4,2,3742,885
3,,,"COYOL","GUSTAVO A MADERO",19.485395,-99.090851,"07456",1,1,3742,885
3,,,"LOMA LA PALMA","GUSTAVO A MADERO",19.555628,-99.14241,"07160",7,2,3742,885
3,,,"PRIMERO DE MAYO","VENUSTIANO CARRANZA",19.44525,-99.100853,"15440",1,1,3742,885
3,,,"GUADALUPE PROLETARIA","GUSTAVO A MADERO",19.52103,-99.157532,"07670",1,1,3742,885
3,,,"JARDIN BALBUENA","VENUSTIANO CARRANZA",19.418509,-99.110527,"15950",3,1,3742,885
3,,,"PALMATITLA","GUSTAVO A MADERO",19.553417,-99.132751,"07170",1,1,3742,885
3,,,"","VENUSTIANO CARRANZA",19.432598,-99.111832,"15390",14,4,3742,885
3,,,"ARAGON","GUSTAVO A MADERO",19.482935,-99.106804,"07058",8,1,3742,885
3,,,"ZONA ESCOLAR","GUSTAVO A MADERO",19.541153,-99.15229,"07230",7,3,3742,885
3,,,"JARDIN BALBUENA","VENUSTIANO CARRANZA",19.41354,-99.121262,"15990",1,1,3742,885
3,,,"SANTIAGO ATEPETLAC","GUSTAVO A MADERO",19.525042,-99.159241,"07640",1,1,3742,885
3,,,"SOLIDARIDAD NACIONAL","GUSTAVO A MADERO",19.531977,-99.154129,"07268",5,3,3742,885
3,,,"ARENAL 2A SECCION","",19.424593,-99.056984,"15680",2,1,3742,885
3,,,"AMPLIACION SIMON BOLIVAR","VENUSTIANO CARRANZA",19.448286,-99.101807,"15420",3,1,3742,885
3,,,"GUADALUPE PROLETARIA","GUSTAVO A MADERO",19.522289,-99.152336,"07680",2,1,3742,885
3,,,"ACUEDUCTO DE GUADALUPE","GUSTAVO A MADERO",19.528006,-99.152122,"07279",6,3,3742,885
3,,,"JORGE NEGRETE","GUSTAVO A MADERO",19.524422,-99.142593,"07280",10,4,3742,885
3,,,"SAN JOSE DE LA ESCALERA","GUSTAVO A MADERO",19.526678,-99.165443,"07630",37,14,3742,885
4,1,20,"JARDINES DEL PEDREGAL","ALVARO OBREGON",19.319622,-99.209198,"01900",409,104,4076,973
4,1,20,"LAS AGUILAS","ALVARO OBREGON",19.357988,-99.202652,"01710",71,27,4076,973
4,1,20,"AMPLIACION LAS AGUILAS","ALVARO OBREGON",19.349682,-99.223114,"01759",8,4,4076,973
4,1,20,"LOMAS DE LAS AGUILAS","ALVARO OBREGON",19.348074,-99.231491,"01730",16,8,4076,973
4,1,20,"JARDINES DEL PEDREGAL","ALVARO OBREGON",19.317406,-99.220764,"01904",31,11,4076,973
4,1,20,"LOS ALPES","ALVARO OBREGON",19.36035,-99.192474,"01010",391,38,4076,973
4,1,20,"LAS AGUILAS","ALVARO OBREGON",19.355513,-99.204033,"17100",1,1,4076,973
4,1,20,"SAN CLEMENTE","ALVARO OBREGON",19.349171,-99.227913,"01740",46,8,4076,973
4,2,21,"CAROLA","ALVARO OBREGON",19.386852,-99.200241,"01160",7,3,4076,944
4,2,21,"TEPEACA","ALVARO OBREGON",19.35981,-99.236198,"01550",2,1,4076,944
4,2,21,"MINAS DE CRISTO","ALVARO OBREGON",19.379715,-99.201813,"01419",39,6,4076,944
4,2,21,"LA MARTINICA","ALVARO OBREGON",19.359884,-99.226059,"01619",8,3,4076,944
4,2,21,"CRISTO REY","ALVARO OBREGON",19.390533,-99.201691,"01150",16,6,4076,944
4,2,21,"NONOALCO","BENITO JUAREZ",19.381123,-99.187691,"03700",177,33,4076,944
4,2,21,"LOMAS DE BECERRA","ALVARO OBREGON",19.382984,-99.203957,"01280",33,10,4076,944
4,2,21,"GARCIMARRERO","ALVARO OBREGON",19.367273,-99.232277,"01430",10,3,4076,944
4,2,21,"OLIVAR DEL CONDE","ALVARO OBREGON",19.371746,-99.219048,"01408",7,3,4076,944
4,2,21,"MIXCOAC","BENITO JUAREZ",19.372528,-99.189484,"03910",86,19,4076,944
4,2,21,"MERCED GOMEZ","ALVARO OBREGON",19.367447,-99.195457,"01600",59,19,4076,944
4,2,21,"GARCIMARRERO","ALVARO OBREGON",19.365993,-99.239944,"01510",12,3,4076,944
4,2,21,"","ALVARO OBREGON",19.369892,-99.197289,"01490",2,2,4076,944
4,2,21,"LOMAS DE AXOMIATLA","ALVARO OBREGON",19.342306,-99.253738,"01820",17,4,4076,944
4,2,21,"MERCED GOMEZ","ALVARO OBREGON",19.369532,-99.193375,"01480",6,3,4076,944
4,2,21,"SANTA LUCIA","ALVARO OBREGON",19.358788,-99.252655,"01500",14,4,4076,944
4,2,21,"PILOTO ADOLFO LOPEZ MATEOS","ALVARO OBREGON",19.373011,-99.232628,"01290",3,2,4076,944
4,2,21,"MOLINO DE ROSAS","ALVARO OBREGON",19.373533,-99.20179,"01470",47,10,4076,944
4,2,21,"SAN PEDRO DE LOS PINOS","ALVARO OBREGON",19.387939,-99.192268,"01180",182,30,4076,944
4,2,21,"BOSQUES DE TARANGO","ALVARO OBREGON",19.347795,-99.247902,"01588",8,4,4076,944
4,2,21,"SANTA LUCIA","ALVARO OBREGON",19.36529,-99.242691,"01520",12,4,4076,944
4,2,21,"MOLINO DE ROSAS","ALVARO OBREGON",19.372725,-99.206802,"01400",18,5,4076,944
4,2,21,"","ALVARO OBREGON",19.362818,-99.24836,"01530",5,3,4076,944
4,2,21,"BELLAVISTA","ALVARO OBREGON",19.39591,-99.19603,"01140",45,10,4076,944
4,2,21,"LAS AMERICAS","ALVARO OBREGON",19.400606,-99.19989,"01120",39,15,4076,944
4,2,21,"LOMA DE PUERTA GRANDE","ALVARO OBREGON",19.358812,-99.232346,"01640",5,1,4076,944
4,2,21,"MERCED GOMEZ","BENITO JUAREZ",19.36467,-99.190437,"03930",8,2,4076,944
4,2,21,"SANTA MARIA NONOALCO","ALVARO OBREGON",19.381472,-99.193649,"01420",33,11,4076,944
4,2,21,"ALFONSO XIII","ALVARO OBREGON",19.37652,-99.194862,"01460",37,14,4076,944
4,2,21,"OLIVAR DEL CONDE","ALVARO OBREGON",19.370617,-99.213249,"01450",7,5,4076,944
4,3,22,"","MAGDALENA CONTRERAS",19.311823,-99.235352,"10500",13,5,4076,377
4,3,22,"HEROES DE PADIERNA","MAGDALENA CONTRERAS",19.312767,-99.221252,"10700",29,7,4076,377
4,3,22,"SAN BARTOLO AMEYALCO","ALVARO OBREGON",19.330088,-99.264671,"01800",15,6,4076,377
4,3,22,"PUEBLO NUEVO ALTO","MAGDALENA CONTRERAS",19.30722,-99.261162,"10360",4,1,4076,377
4,3,22,"TORRES DE POTRERO","ALVARO OBREGON",19.330931,-99.24913,"01840",7,3,4076,377
4,3,22,"SAN BERNABE OCOTEPEC","MAGDALENA CONTRERAS",19.31361,-99.257927,"10300",17,4,4076,377
4,3,22,"SAN JERONIMO ACULCO","MAGDALENA CONTRERAS",19.318928,-99.223839,"10400",127,18,4076,377
4,3,22,"PUEBLO LA MAGDALENA CONTRERAS","MAGDALENA CONTRERAS",19.303389,-99.246124,"10910",3,1,4076,377
4,3,22,"EL ROSAL","MAGDALENA CONRTRERAS",19.307442,-99.248146,"10600",4,1,4076,377
4,3,22,"BARRANCA SECA","MAGDALENA CONTRERAS",19.305786,-99.238922,"10580",7,2,4076,377
4,3,22,"SANTA TERESA","MAGDALENA CONTRERAS",19.309093,-99.230705,"10710",2,1,4076,377
4,3,22,"SAN BARTOLO AMEYALCO","MAGDALENA CONTRERAS",19.326033,-99.245499,"10010",2,1,4076,377
4,3,22,"SAN JERONIMO LIDICE","MAGDALENA CONTRERAS",19.326382,-99.221466,"10200",125,39,4076,377
4,3,22,"LA MAGDALENA CONTRERAS","MAGDALENA CONTRERAS",19.298187,-99.250946,"01880",3,1,4076,377
4,3,22,"EL ROSAL","MAGDALENA CONTRERAS",19.323559,-99.246498,"10320",1,1,4076,377
4,3,22,"LOMAS DE SAN BERNABE","MAGDALENA CONTRERAS",19.311527,-99.260986,"10350",2,1,4076,377
4,3,22,"EL TORO","MAGDALENA CONTRERAS",19.3113,-99.245003,"10610",6,2,4076,377
4,3,22,"LOMAS QUEBRADAS","MAGDALENA CONTRERAS",19.313395,-99.241692,"10000",10,4,4076,377
4,4,23,"EX-HACIENDA DE GUADALUPE CHIMALISTAC","ALVARO OBREGON",19.350567,-99.180626,"01050",138,22,4076,1698
4,4,23,"CAMPESTRE","ALVARO OBREGON",19.354195,-99.191017,"01040",31,12,4076,1698
4,4,23,"TLACOPAC","ALVARO OBREGON",19.355173,-99.197334,"01049",9,4,4076,1698
4,4,23,"ATLAMAYA","ALVARO OBREGON",19.348566,-99.204002,"01760",20,5,4076,1698
4,4,23,"OLIVAR DE LOS PADRES","ALVARO OBREGON",19.335642,-99.229774,"01770",9,2,4076,1698
4,4,23,"SAN ANGEL","ALVARO OBREGON",19.347097,-99.190536,"01000",314,57,4076,1698
4,4,23,"ALTAVISTA","ALVARO OBREGON",19.35042,-99.197014,"01060",76,16,4076,1698
4,4,23,"OLIVAR DE LOS PADRES","ALVARO OBREGON",19.337027,-99.236084,"01788",7,1,4076,1698
4,4,23,"TIZAPAN SAN ANGEL","ALVARO OBREGON",19.337824,-99.196594,"01090",213,62,4076,1698
4,4,23,"TETELPAN","ALVARO OBREGON",19.343643,-99.230057,"01708",1,1,4076,1698
4,4,23,"FLORIDA","ALVARO OBREGON",19.357191,-99.181587,"01030",275,56,4076,1698
4,4,23,"LOMAS DE SAN ANGEL INN","ALVARO OBREGON",19.343374,-99.205414,"01790",37,11,4076,1698
4,4,23,"TETELPAN","ALVARO OBREGON",19.341908,-99.225479,"01700",11,8,4076,1698
4,4,23,"GUADALUPE INN","ALVARO OBREGON",19.356564,-99.186348,"01020",397,64,4076,1698
4,4,23,"PROGRESO TIZAPAN","ALVARO OBREGON",19.337091,-99.204132,"01089",4,2,4076,1698
4,4,23,"TLACOPAC","ALVARO OBREGON",19.312819,-99.269127,"01863",5,1,4076,1698
4,4,23,"PROGRESO TIZAPAN","ALVARO OBREGON",19.340281,-99.202942,"01080",29,9,4076,1698
4,4,23,"CHIMALISTAC","ALVARO OBREGON",19.342073,-99.188911,"01070",98,20,4076,1698
4,4,23,"OLIVAR DE LOS PADRES","ALVARO OBREGON",19.337896,-99.221169,"01780",24,10,4076,1698
4,5,24,"LOMAS DE SANTA FE","ALVARO OBREGON",19.382608,-99.218361,"01270",1,1,4076,7
4,5,24,"LOMAS DE LA ERA","ALVARO OBREGON",19.330229,-99.257576,"01807",2,1,4076,7
4,5,24,"LOMAS DE LA ERA","ALVARO OBREGON",19.330229,-99.257576,"01860",1,1,4076,7
4,5,24,"SANTA FE","ALVARO OBREGON",19.384581,-99.220787,"01279",3,2,4076,7
4,,,"LOS PADRES","MAGDALENA CONTRERAS",19.323042,-99.246422,"10340",1,1,4076,885
4,,,"BARROS SIERRA","MAGDALENA CONTRERAS",19.316494,-99.24485,"10380",1,1,4076,885
4,,,"BALCONES DE CEHUAYO","ALVARO OBREGON",19.35626,-99.23941,"01540",2,1,4076,885
4,,,"LAS AGUILAS","ALVARO OBREGON",19.32749,-99.285233,"01830",12,5,4076,885
4,,,"EX-HACIENDA DE TARANGO","ALVARO OBREGON",19.362593,-99.223557,"01618",4,3,4076,885
4,,,"PUEBLO NUEVO BAJO","MAGDALENA CONTRERAS",19.304853,-99.247505,"10640",1,1,4076,885
4,,,"UNIDAD HABITACIONAL MOLINO DE SANTO DOMINGO","ALVARO OBREGON",19.393682,-99.200714,"01130",1,1,4076,885
4,,,"SAN NICOLAS TOTOLAPAN","MAGDALENA CONTRERAS",19.293196,-99.245728,"10900",18,4,4076,885
4,,,"BARRIO NORTE","ALVARO OBREGON",19.379805,-99.206192,"01410",4,1,4076,885
5,1,25,"DANIEL GARZA","MIGUEL HIDALGO",19.404507,-99.198929,"11830",29,10,4238,392
5,1,25,"DANIEL GARZA","MIGUEL HIDALGO",19.409672,-99.192993,"11840",15,6,4238,392
5,1,25,"EL CAPULIN","ALVARO OBREGON",19.397154,-99.211517,"01110",8,3,4238,392
5,1,25,"SAN MIGUEL CHAPULTEPEC","MIGUEL HIDALGO",19.413101,-99.183685,"11850",237,88,4238,392
5,1,25,"TACUBAYA","MIGUEL HIDALGO",19.40036,-99.187302,"11870",52,17,4238,392
5,1,25,"AMERICA","MIGUEL HIDALGO",19.404924,-99.201584,"11820",33,6,4238,392
5,1,25,"OBSERVATORIO","MIGUEL HIDALGO",19.404854,-99.19381,"11860",18,8,4238,392
5,2,26,"COOPERATIVA PALO ALTO","CUAJIMALPA",19.384443,-99.250229,"05110",6,3,4238,1465
5,2,26,"BOSQUES DE LAS LOMAS","CUAJIMALPA DE MORELOS",19.387434,-99.253296,"05120",500,75,4238,1465
5,2,26,"LOMAS DE REFORMA","MIGUEL HIDALGO",19.403393,-99.230804,"11930",19,6,4238,1465
5,2,26,"BOSQUES DE LAS LOMAS","MIGUEL HIDALGO",19.404306,-99.241936,"11700",180,59,4238,1465
5,2,26,"LOMAS DE VISTA HERMOSA","CUAJIMALPA DE MORELOS",19.378605,-99.277481,"05214",6,3,4238,1465
5,2,26,"PASEO DE LAS LOMAS","ALVARO OBREGON",19.369389,-99.266479,"01330",155,28,4238,1465
5,2,26,"LOMAS ALTAS","MIGUEL HIDALGO",19.395388,-99.232391,"11950",189,18,4238,1465
5,2,26,"LOMAS DE BEZARES","MIGUEL HIDALGO",19.38896,-99.243088,"11910",59,19,4238,1465
5,2,26,"LOMAS DE VISTA HERMOSA","CUAJIMALPA DE MORELOS",19.378653,-99.272682,"05100",84,26,4238,1465
5,2,26,"LOMAS DEL CHAMIZAL","CUAJIMALPA DE MORELOS",19.393606,-99.266258,"05129",182,33,4238,1465
5,2,26,"GRANJAS PALO ALTO","CUAJIMALPA DE MORELOS",19.382744,-99.254463,"05118",57,14,4238,1465
5,2,26,"CAMPESTRE PALO ALTO","CUAJIMALPA DE MORELOS",19.378859,-99.258911,"05119",28,8,4238,1465
5,3,27,"ESCANDON","MIGUEL HIDALGO",19.402466,-99.177979,"11800",259,91,4238,395
5,3,27,"EL YAQUI","CUAJIMALPA DE MORELOS",19.36289,-99.280769,"05320",82,18,4238,395
5,3,27,"LOMAS DE MEMETLA","CUAJIMALPA DE MORELOS",19.357153,-99.28804,"05330",4,2,4238,395
5,3,27,"SAN JOSE DE LOS CEDROS","CUAJIMALPA DE MORELOS",19.366808,-99.285606,"05200",24,9,4238,395
5,3,27,"EL MOLINITO","CUAJIMALPA",19.3617,-99.287392,"05310",1,1,4238,395
5,3,27,"LOMAS DE MEMETLA","CUAJIMALPA DE MORELOS",19.353748,-99.289818,"05379",1,1,4238,395
5,3,27,"CRUZ MANCA","CUAJIMALPA",19.358189,-99.273689,"05349",17,4,4238,395
5,3,27,"CRUZ MANCA","CUAJIMALPA DE MORELOS",19.344109,-99.275223,"05600",7,4,4238,395
5,4,28,"SAN ANGEL","ALVARO OBREGON",19.329702,-99.287056,"05610",2,1,4238,142
5,4,28,"SAN LORENZO ACOPILCO","CUAJIMALPA DE MORELOS",19.328781,-99.323914,"05410",13,3,4238,142
5,4,28,"LOMAS DE CHAPULTEPEC","MIGUEL HIDALGO",19.399467,-99.236633,"11920",11,4,4238,142
5,4,28,"","CUAJIMALPA DE MORELOS",19.348383,-99.300491,"05500",25,12,4238,142
5,4,28,"SAN LORENZO ACOPILCO","CUAJIMALPA",19.318764,-99.333916,"05710",3,1,4238,142
5,4,28,"16 DE SEPTIEMBRE","MIGUEL HIDALGO",19.401024,-99.208839,"11810",26,8,4238,142
5,4,28,"LOCAXCO","CUAJIMALPA DE MORELOS",19.353874,-99.293434,"05360",2,1,4238,142
5,4,28,"LOMA DEL PADRE","CUAJIMALPA DE MORELOS",19.340977,-99.311745,"05020",3,1,4238,142
5,4,28,"CUAJIMALPA","CUAJIMALPA DE MORELOS",19.361931,-99.292358,"05260",7,3,4238,142
5,4,28,"CUAJIMALPA","CUAJIMALPA DE MORELOS",19.360699,-99.294785,"05030",6,4,4238,142
5,4,28,"CUAJIMALPA","CUAJIMALPA DE MORELOS",19.356705,-99.295357,"05000",44,14,4238,142
5,5,29,"SANTA FE","ALVARO OBREGON",19.366676,-99.260719,"01376",702,131,4238,1823
5,5,29,"LOMAS DE SANTA FE","ALVARO OBREGON",19.37936,-99.250168,"01320",3,2,4238,1823
5,5,29,"SANTA FE","CUAJIMALPA DE MORELOS",19.360495,-99.28038,"05370",7,2,4238,1823
5,5,29,"LOMAS DE SANTA FE","CUAJIMALPA DE MORELOS",19.360054,-99.274399,"05348",1043,158,4238,1823
5,5,29,"SANTA FE","ALVARO OBREGON",19.379606,-99.245125,"01210",11,9,4238,1823
5,5,29,"SANTA FE","ALVARO OBREGON",19.386105,-99.224648,"01220",17,3,4238,1823
5,5,29,"SANTA FE","ALVARO OBREGON",19.379986,-99.244965,"01340",1,1,4238,1823
5,5,29,"SAN MATEO TLALTENANGO","CUAJIMALPA DE MORELOS",19.353214,-99.265518,"05620",6,3,4238,1823
5,5,29,"EL MOLINO","CUAJIMALPA",19.363119,-99.285103,"05240",1,1,4238,1823
5,5,29,"LOMAS DE SANTA FE","ALVARO OBREGON",19.372782,-99.255249,"01219",26,8,4238,1823
5,5,29,"SANTA FE","ALVARO OBREGON",19.358927,-99.258812,"01389",1,1,4238,1823
5,5,29,"BEJERO","ALVARO OBREGON",19.379505,-99.244865,"01230",5,2,4238,1823
5,,,"CUAJIMALPA","ALVARO OBREGON",19.379427,-99.253456,"01310",13,4,4238,885
5,,,"GRANJAS NAVIDAD","CUAJIMALPA",19.375259,-99.285904,"05219",9,4,4238,885
5,,,"MANZANAZTITLA","CUAJIMALPA DE MORELOS",19.366907,-99.297791,"05270",2,1,4238,885
5,,,"PRADOS DE LA MONTAÑA","CUAJIMALPA DE MORELOS",19.356577,-99.265358,"05619",9,3,4238,885
5,,,"GRANJAS NAVIDAD","CUAJIMALPA DE MORELOS",19.372564,-99.277657,"05249",1,1,4238,885
6,1,30,"POLANCO III SECCION","MIGUEL HIDALGO",19.431934,-99.198517,"11540",636,106,5589,2198
6,1,30,"LOS MORALES POLANCO","MIGUEL HIDALGO",19.437508,-99.210083,"11510",400,79,5589,2198
6,1,30,"MOLINO DEL REY","MIGUEL HIDALGO",19.424696,-99.203461,"11040",24,5,5589,2198
6,1,30,"REFORMA SOCIAL","MIGUEL HIDALGO",19.433905,-99.212547,"11650",95,21,5589,2198
6,1,30,"LOMAS DE SOTELO","MIGUEL HIDALGO",19.448565,-99.221321,"11610",1,1,5589,2198
6,1,30,"LOMAS DE SOTELO","MIGUEL HIDALGO",19.437355,-99.222878,"11619",15,4,5589,2198
6,1,30,"IRRIGACION","MIGUEL HIDALGO",19.443012,-99.210083,"11500",159,33,5589,2198
6,1,30,"POLANCO II SECCION","MIGUEL HIDALGO",19.434439,-99.204079,"11530",292,72,5589,2198
6,1,30,"POLANCO IV SECCION","MIGUEL HIDALGO",19.430689,-99.194145,"11550",576,115,5589,2198
6,2,31,"BOSQUE DE CHAPULTEPEC II SECCION","MIGUEL HIDALGO",19.41185,-99.194695,"11100",3,2,5589,1096
6,2,31,"POLANCO V SECCION","MIGUEL HIDALGO",19.433945,-99.189232,"11570",4,2,5589,1096
6,2,31,"POLANCO V SECCION","MIGUEL HIDALGO",19.433247,-99.187119,"11560",1059,227,5589,1096
6,2,31,"RINCON DEL BOSQUE","MIGUEL HIDALGO",19.423508,-99.184563,"11580",24,7,5589,1096
6,2,31,"MERCED GOMEZ","MIGUEL HIDALGO",19.439245,-99.215775,"11600",6,2,5589,1096
6,3,32,"","MIGUEL HIDALGO",19.444942,-99.181152,"11310",16,6,5589,979
6,3,32,"AMPLIACION GRANADA","MIGUEL HIDALGO",19.441914,-99.203751,"11529",358,25,5589,979
6,3,32,"GRANADA","MIGUEL HIDALGO",19.439808,-99.19503,"11520",605,88,5589,979
6,4,33,"LOMAS DE CHAPULTEPEC","MIGUEL HIDALGO",19.426228,-99.211853,"11000",1242,284,5589,1242
6,5,34,"ANAHUAC","MIGUEL HIDALGO",19.445946,-99.189537,"11450",83,24,5589,83
6,,,"POLANCO V SECCION","MIGUEL HIDALGO",19.435366,-99.190292,"11506",1,1,5589,885
7,1,35,"ROMA SUR","CUAUHTEMOC",19.405357,-99.163574,"06760",770,127,5851,770
7,2,36,"ROMA NORTE","CUAUHTEMOC",19.414284,-99.165047,"06700",3,1,5851,2156
7,2,36,"ROMA NORTE","CUAUHTEMOC",19.418541,-99.163612,"06700",1414,290,5851,2156
7,2,36,"NIÑOS HEROES","BENITO JUAREZ",19.386106,-99.143639,"03440",28,10,5851,2156
7,2,36,"DEL VALLE","BENITO JUAREZ",19.39529,-99.167366,"03103",711,156,5851,2156
7,3,37,"NARVARTE PONIENTE","BENITO JUAREZ",19.392267,-99.157166,"03020",275,103,5851,1457
7,3,37,"NARVARTE ORIENTE","BENITO JUAREZ",19.393538,-99.150063,"03023",268,77,5851,1457
7,3,37,"PIEDAD NARVARTE","BENITO JUAREZ",19.403215,-99.153954,"03000",164,24,5851,1457
7,3,37,"AMERICAS UNIDAS","BENITO JUAREZ",19.381548,-99.140991,"03610",35,5,5851,1457
7,3,37,"MODERNA","BENITO JUAREZ",19.394825,-99.134941,"03510",52,19,5851,1457
7,3,37,"MIGUEL ALEMAN","BENITO JUAREZ",19.38946,-99.145157,"03420",7,3,5851,1457
7,3,37,"ATENOR SALAS","BENITO JUAREZ",19.402771,-99.14595,"03010",6,4,5851,1457
7,3,37,"VILLA DE CORTEZ","BENITO JUAREZ",19.388083,-99.136337,"03530",8,4,5851,1457
7,3,37,"IZTACCIHUATL","BENITO JUAREZ",19.390297,-99.135895,"03520",23,7,5851,1457
7,3,37,"VERTIZ NARVARTE","BENITO JUAREZ",19.382504,-99.15078,"03600",230,33,5851,1457
7,3,37,"INDEPENDENCIA","BENITO JUAREZ",19.379492,-99.146545,"03630",47,12,5851,1457
7,3,37,"ALAMOS","BENITO JUAREZ",19.39801,-99.140312,"03400",280,70,5851,1457
7,3,37,"VERTIZ NARVARTE","BENITO JUAREZ",19.383167,-99.147087,"03620",10,4,5851,1457
7,3,37,"POSTAL","BENITO JUAREZ",19.391132,-99.14093,"03410",5,3,5851,1457
7,3,37,"NATIVITAS","BENITO JUAREZ",19.382149,-99.137352,"03500",47,15,5851,1457
7,4,38,"TRANSITO","CUAUHTEMOC",19.41704,-99.130867,"06820",180,31,5851,1230
7,4,38,"VISTA ALEGRE","CUAUHTEMOC",19.40975,-99.134239,"06860",31,8,5851,1230
7,4,38,"DOCTORES","CUAUHTEMOC",19.407089,-99.206276,"02820",1,1,5851,1230
7,4,38,"DOCTORES","CUAUHTEMOC",19.421011,-99.148155,"06720",561,133,5851,1230
7,4,38,"BUENOS AIRES","CUAUHTEMOC",19.404953,-99.148308,"06780",10,4,5851,1230
7,4,38,"OBRERA","CUAUHTEMOC",19.418144,-99.139259,"06800",315,82,5851,1230
7,4,38,"ALGARIN","CUAUHTEMOC",19.40555,-99.139084,"06880",60,24,5851,1230
7,4,38,"AMPLIACION ASTURIAS","CUAUHTEMOC",19.406784,-99.132545,"06890",40,13,5851,1230
7,4,38,"TRANSITO","CUAUHTEMOC",19.41918,-99.128128,"06840",15,6,5851,1230
7,4,38,"PAULINO NAVARRO","CUAUHTEMOC",19.412735,-99.128868,"06870",14,4,5851,1230
7,4,38,"ASTURIAS","CUAUHTEMOC",19.405018,-99.129517,"06850",2,2,5851,1230
7,4,38,"DOCTORES","CUAUHTEMOC",19.422276,-99.152054,"06728",1,1,5851,1230
7,5,39,"CONDESA","CUAUHTEMOC",19.414223,-99.176079,"06140",139,42,5851,904
7,5,39,"HIPODROMO CONDESA","CUAUHTEMOC",19.408987,-99.171303,"06100",608,147,5851,904
7,5,39,"HIPODROMO CONDESA","CUAUHTEMOC",19.409849,-99.176201,"06170",157,36,5851,904
7,,,"JOSEFA ORTIZ DE DOMINGUEZ","BENITO JUAREZ",19.387672,-99.141212,"03430",2,1,5851,885
8,1,40,"RESIDENCIAL EMPERADORES","BENITO JUAREZ",19.366945,-99.15638,"03320",32,7,5832,834
8,1,40,"SANTA CRUZ ATOYAC","BENITO JUAREZ",19.369198,-99.161163,"03310",153,34,5832,834
8,1,40,"ACACIAS","BENITO JUAREZ",19.365988,-99.175026,"03240",121,23,5832,834
8,1,40,"PORTALES NORTE","BENITO JUAREZ",19.368252,-99.150108,"03303",72,27,5832,834
8,1,40,"SANTA CRUZ ATOYAC","BENITO JUAREZ",19.36672,-99.16539,"03313",23,5,5832,834
8,1,40,"MARIA DEL CARMEN","BENITO JUAREZ",19.376432,-99.137482,"03540",30,6,5832,834
8,1,40,"CREDITO CONSTRUCTOR","BENITO JUAREZ",19.365185,-99.180573,"03940",91,21,5832,834
8,1,40,"ACTIPAN","BENITO JUAREZ",19.368799,-99.179817,"03230",312,21,5832,834
8,2,41,"DEL VALLE","BENITO JUAREZ",19.371056,-99.169991,"03104",578,132,5832,2458
8,2,41,"LETRAN VALLE","BENITO JUAREZ",19.375811,-99.157768,"03650",165,36,5832,2458
8,2,41,"SAN PEDRO DE LOS PINOS","BENITO JUAREZ",19.392115,-99.1838,"03800",295,58,5832,2458
8,2,41,"MIRAVALLE","BENITO JUAREZ",19.361893,-99.140526,"03580",7,2,5832,2458
8,2,41,"DEL VALLE","BENITO JUAREZ",19.370499,-99.171524,"03220",4,1,5832,2458
8,2,41,"TLACOQUEMECATL DEL VALLE","BENITO JUAREZ",19.375132,-99.175461,"03200",309,65,5832,2458
8,2,41,"DEL VALLE","BENITO JUAREZ",19.384274,-99.167755,"03100",846,182,5832,2458
8,2,41,"PORTALES ORIENTE","BENITO JUAREZ",19.367508,-99.140091,"03570",26,9,5832,2458
8,2,41,"INSURGENTES MIXCOAC","BENITO JUAREZ",19.371027,-99.1819,"03920",147,34,5832,2458
8,2,41,"ZACAHUITZCO","BENITO JUAREZ",19.373373,-99.137039,"03550",4,3,5832,2458
8,2,41,"SAN JUAN","BENITO JUAREZ",19.378765,-99.18512,"03730",42,11,5832,2458
8,2,41,"8 DE AGOSTO","BENITO JUAREZ",19.39406,-99.186462,"03820",35,11,5832,2458
8,3,42,"CIUDAD DE LOS DEPORTES","BENITO JUAREZ",19.383245,-99.180786,"03710",105,26,5832,1255
8,3,42,"NAPOLES","BENITO JUAREZ",19.395027,-99.173836,"03810",765,95,5832,1255
8,3,42,"AMERICAS UNIDAS","BENITO JUAREZ",19.379124,-99.1409,"03640",3,2,5832,1255
8,3,42,"SAN SIMON TICUMAC","BENITO JUAREZ",19.37587,-99.144905,"03660",152,29,5832,1255
8,3,42,"NAPOLES","BENITO JUAREZ",19.394358,-99.177444,"38201",2,1,5832,1255
8,3,42,"NAPOLES","BENITO JUAREZ",19.388174,-99.176567,"03840",228,40,5832,1255
8,4,43,"NOCHEBUENA","BENITO JUAREZ",19.380388,-99.178215,"03720",129,22,5832,524
8,4,43,"SAN JOSE INSURGENTES","BENITO JUAREZ",19.364038,-99.183678,"03900",284,39,5832,524
8,4,43,"EXTREMADURA INSURGENTES","BENITO JUAREZ",19.375816,-99.179192,"03740",111,15,5832,524
8,,,"ALBERT","BENITO JUAREZ",19.369423,-99.138168,"03560",29,4,5832,885
9,1,44,"JUAREZ","CUAUHTEMOC",19.427095,-99.162552,"06600",1234,198,5146,1234
9,2,45,"CENTRO","CUAUHTEMOC",19.426653,-99.133049,"06090",129,47,5146,1419
9,2,45,"CENTRO","CUAUHTEMOC",19.426729,-99.138138,"06080",154,53,5146,1419
9,2,45,"CENTRO","CUAUHTEMOC",19.432354,-99.143944,"06050",181,40,5146,1419
9,2,45,"CENTRO","CUAUHTEMOC",19.432703,-99.137535,"06000",372,112,5146,1419
9,2,45,"CENTRO","CUAUHTEMOC",19.437653,-99.129234,"06020",159,53,5146,1419
9,2,45,"CENTRO","CUAUHTEMOC",19.432318,-99.148712,"06040",72,15,5146,1419
9,2,45,"CENTRO","CUAUHTEMOC",19.428345,-99.144745,"06070",42,17,5146,1419
9,2,45,"CENTRO","CUAUHTEMOC",19.430908,-99.129715,"06060",185,54,5146,1419
9,2,45,"CENTRO","CUAUHTEMOC",19.438143,-99.136894,"06010",125,39,5146,1419
9,3,46,"MAZA","CUAUHTEMOC",19.455484,-99.127998,"06270",2,1,5146,833
9,3,46,"SANTA MARIA INSURGENTES","CUAUHTEMOC",19.46175,-99.148567,"06430",61,14,5146,833
9,3,46,"SAN SIMON TOLNAHUAC","CUAUHTEMOC",19.459204,-99.14431,"06920",23,9,5146,833
9,3,46,"PERALVILLO","CUAUHTEMOC",19.462759,-99.13559,"06220",26,9,5146,833
9,3,46,"","CUAUHTEMOC",19.453701,-99.145081,"06900",12,8,5146,833
9,3,46,"VALLE GOMEZ","CUAUHTEMOC",19.458799,-99.125175,"06240",14,5,5146,833
9,3,46,"BUENAVISTA","CUAUHTEMOC",19.44396,-99.151054,"06350",151,35,5146,833
9,3,46,"EX-HIPODROMO DE PERALVILLO","CUAUHTEMOC",19.45561,-99.130516,"06250",29,15,5146,833
9,3,46,"ATLAMPA","CUAUHTEMOC",19.459778,-99.157646,"06450",132,26,5146,833
9,3,46,"SANTA MARIA LA RIBERA","CUAUHTEMOC",19.449009,-99.158424,"06400",193,70,5146,833
9,3,46,"MORELOS","CUAUHTEMOC",19.448322,-99.129356,"06200",74,19,5146,833
9,3,46,"FELIPE PESCADOR","CUAUHTEMOC",19.455215,-99.126595,"06280",6,3,5146,833
9,3,46,"GUERRERO","CUAUHTEMOC",19.442228,-99.143967,"06300",110,30,5146,833
9,4,47,"SAN RAFAEL","CUAUHTEMOC",19.437798,-99.162125,"06470",362,73,5146,1580
9,4,47,"CUAUHTEMOC","CUAUHTEMOC",19.428677,-99.169518,"06500",917,156,5146,1580
9,4,47,"TABACALERA","CUAUHTEMOC",19.435699,-99.154976,"06030",301,64,5146,1580
10,1,48,"","MIGUEL HIDALGO",19.447264,-99.215431,"11200",114,25,5020,2235
10,1,48,"INDUSTRIAL VALLEJO","AZCAPOTZALCO",19.495277,-99.162834,"02300",572,103,5020,2235
10,1,48,"SAN MATEO","AZCAPOTZALCO",19.483189,-99.192039,"02490",12,4,5020,2235
10,1,48,"SANTA CATARINA","AZCAPOTZALCO",19.490545,-99.175392,"02250",7,2,5020,2235
10,1,48,"EL ROSARIO","AZCAPOTZALCO",19.505774,-99.206955,"02100",9,3,5020,2235
10,1,48,"ANAHUAC","MIGUEL HIDALGO",19.442766,-99.179283,"11320",366,101,5020,2235
10,1,48,"INDUSTRIAL VALLEJO","AZCAPOTZALCO",19.489862,-99.152588,"02320",12,2,5020,2235
10,1,48,"INDUSTRIAL VALLEJO","AZCAPOTZALCO",19.487272,-99.165733,"02360",16,6,5020,2235
10,1,48,"TLAXPANA","MIGUEL HIDALGO",19.441553,-99.167854,"11370",12,6,5020,2235
10,1,48,"ANZURES","MIGUEL HIDALGO",19.43117,-99.178154,"11590",625,143,5020,2235
10,1,48,"","MIGUEL HIDALGO",19.449516,-99.202362,"11470",9,6,5020,2235
10,1,48,"TACUBA","MIGUEL HIDALGO",19.455664,-99.188545,"11410",126,31,5020,2235
10,1,48,"FRANCISCO I MADERO","MIGUEL HIDALGO",19.446541,-99.201645,"11480",34,6,5020,2235
10,1,48,"POPOTLA","MIGUEL HIDALGO",19.455555,-99.178947,"11400",45,15,5020,2235
10,1,48,"PENSIL SUR","MIGUEL HIDALGO",19.444662,-99.195328,"11490",62,16,5020,2235
10,1,48,"HACIENDA DEL ROSARIO EX EL ROSARIO","AZCAPOTZALCO",19.496643,-99.212067,"02420",24,5,5020,2235
10,1,48,"AMPLIACION POPO","MIGUEL HIDALGO",19.443829,-99.196335,"11489",13,4,5020,2235
10,1,48,"NEXTITLA","MIGUEL HIDALGO",19.455055,-99.174957,"11420",23,5,5020,2235
10,1,48,"VERONICA ANZURES","MIGUEL HIDALGO",19.435705,-99.172974,"11300",154,36,5020,2235
10,2,49,"SAN LORENZO TLALTENANGO","MIGUEL HIDALGO",19.466732,-99.210976,"11210",14,3,5020,268
10,2,49,"PERIODISTA","MIGUEL HIDALGO",19.452375,-99.219589,"11220",85,19,5020,268
10,2,49,"IGNACIO MANUEL ALTAMIRANO","MIGUEL HIDALGO",19.46372,-99.196602,"11240",6,1,5020,268
10,2,49,"SAN LORENZO TLALTENANGO","MIGUEL HIDALGO",19.473269,-99.198021,"02780",4,2,5020,268
10,2,49,"SANTO DOMINGO","AZCAPOTZALCO",19.487583,-99.191269,"02160",3,2,5020,268
10,2,49,"","MIGUEL HIDALGO",19.45553,-99.206711,"11270",2,2,5020,268
10,2,49,"ARGENTINA PONIENTE","MIGUEL HIDALGO",19.459084,-99.211807,"11230",56,12,5020,268
10,2,49,"TORRE BLANCA","MIGUEL HIDALGO",19.457996,-99.194611,"11280",9,4,5020,268
10,2,49,"10 DE ABRIL","MIGUEL HIDALGO",19.448271,-99.207718,"11250",22,5,5020,268
10,2,49,"PROVIDENCIA","AZCAPOTZALCO",19.492367,-99.211456,"02440",21,10,5020,268
10,2,49,"SANTA LUCIA","AZCAPOTZALCO",19.478617,-99.195656,"02760",46,16,5020,268
10,3,50,"LA PRECIOSA","AZCAPOTZALCO",19.4853,-99.193176,"02460",6,3,5020,148
10,3,50,"TEZOZOMOC","AZCAPOTZALCO",19.48922,-99.200485,"02459",2,2,5020,148
10,3,50,"PETROLERA","AZCAPOTZALCO",19.483721,-99.194641,"02470",8,3,5020,148
10,3,50,"SAN MARTIN XOCHINAHUAC","AZCAPOTZALCO",19.502411,-99.185219,"02128",5,1,5020,148
10,3,50,"SAN PEDRO XALPA","AZCAPOTZALCO",19.484055,-99.209526,"02710",5,3,5020,148
10,3,50,"PETROLERA","AZCAPOTZALCO",19.487934,-99.200829,"02480",2,1,5020,148
10,3,50,"SAN MIGUEL AMANTLA","AZCAPOTZALCO",19.477324,-99.200066,"02700",2,1,5020,148
10,3,50,"PRADOS DEL ROSARIO","AZCAPOTZALCO",19.505419,-99.208969,"02410",20,5,5020,148
10,3,50,"NUEVA ROSARIO","AZCAPOTZALCO",19.495182,-99.188477,"02200",12,3,5020,148
10,3,50,"PASTEROS","AZCAPOTZALCO",19.494999,-99.195946,"02150",5,2,5020,148
10,3,50,"NUEVA ESPAÑA","AZCAPOTZALCO",19.497574,-99.185387,"02129",27,4,5020,148
10,3,50,"SAN MARTIN XOCHINAHUAC","AZCAPOTZALCO",19.501059,-99.196526,"02120",25,7,5020,148
10,3,50,"SAN JUAN TLIHUACA","AZCAPOTZALCO",19.490448,-99.203735,"02400",14,6,5020,148
10,3,50,"PUEBLO DE SAN ANDRES","AZCAPOTZALCO",19.490965,-99.182487,"02240",4,2,5020,148
10,3,50,"SAN PEDRO XALPA","AZCAPOTZALCO",19.478312,-99.216537,"02719",11,5,5020,148
10,4,51,"ANAHUAC","MIGUEL HIDALGO",19.445684,-99.186417,"11460",39,14,5020,2016
10,4,51,"","AZCAPOTZALCO",19.485058,-99.179291,"02020",52,19,5020,2016
10,4,51,"EL JAGÜEY","AZCAPOTZALCO",19.485508,-99.173218,"02510",1,1,5020,2016
10,4,51,"SAN RAFAEL","AZCAPOTZALCO",19.485748,-99.184219,"02010",12,6,5020,2016
10,4,51,"UN HOGAR PARA CADA TRABAJADOR","AZCAPOTZALCO",19.473961,-99.176666,"02060",17,6,5020,2016
10,4,51,"SANTA CRUZ ACAYUCAN","AZCAPOTZALCO",19.472374,-99.190933,"02790",842,19,5020,2016
10,4,51,"EL RECREO","AZCAPOTZALCO",19.474134,-99.186226,"02070",42,18,5020,2016
10,4,51,"SANTA BARBARA","AZCAPOTZALCO",19.502657,-99.178032,"02230",53,13,5020,2016
10,4,51,"NUEVA SANTA MARIA","AZCAPOTZALCO",19.466059,-99.168365,"02800",59,21,5020,2016
10,4,51,"OBRERO POPULAR","AZCAPOTZALCO",19.464987,-99.1763,"02840",41,13,5020,2016
10,4,51,"CLAVERIA","AZCAPOTZALCO",19.466955,-99.181488,"02080",294,55,5020,2016
10,4,51,"SANTA MARIA MANINALCO","AZCAPOTZALCO",19.47858,-99.181206,"02050",32,13,5020,2016
10,4,51,"","AZCAPOTZALCO",19.480255,-99.204262,"02720",4,2,5020,2016
10,4,51,"COSMOPOLITA","AZCAPOTZALCO",19.473305,-99.161636,"02670",7,2,5020,2016
10,4,51,"CENTRO DE AZCAPOTZALCO","AZCAPOTZALCO",19.479753,-99.18602,"02000",46,17,5020,2016
10,4,51,"JARDIN AZPEITIA","AZCAPOTZALCO",19.471691,-99.174751,"02530",21,8,5020,2016
10,4,51,"SAN FRANCISCO TETECALA","AZCAPOTZALCO",19.479538,-99.190704,"02730",40,15,5020,2016
10,4,51,"SAN SEBASTIAN","AZCAPOTZALCO",19.48111,-99.176064,"02040",29,8,5020,2016
10,4,51,"SAN ALVARO","AZCAPOTZALCO",19.46139,-99.183136,"02090",15,7,5020,2016
10,4,51,"SANTA CRUZ ACAYUCAN","AZCAPOTZALCO",19.473812,-99.192207,"02770",21,8,5020,2016
10,4,51,"ANGEL ZIMBRON","AZCAPOTZALCO",19.469206,-99.188171,"02099",56,6,5020,2016
10,4,51,"VICTORIA","AZCAPOTZALCO",19.47002,-99.164192,"02810",213,7,5020,2016
10,4,51,"SAN SALVADOR XOCHIMANCA","AZCAPOTZALCO",19.460989,-99.17485,"02870",26,8,5020,2016
10,4,51,"SECTOR NAVAL","AZCAPOTZALCO",19.471025,-99.170708,"02500",26,7,5020,2016
10,4,51,"JARDIN DE AZPEITIA","AZCAPOTZALCO",19.474705,-99.17189,"02520",10,2,5020,2016
10,4,51,"BARRIO DEL JAGUEY","AZCAPOTZALCO",19.485331,-99.173515,"02519",9,5,5020,2016
10,4,51,"SANTO TOMAS","MIGUEL HIDALGO",19.4505,-99.164841,"11360",9,2,5020,2016
10,5,52,"AMPLIACION DEL GAS","AZCAPOTZALCO",19.465557,-99.15712,"02970",26,8,5020,265
10,5,52,"AGUILERA","AZCAPOTZALCO",19.472624,-99.152702,"02930",6,2,5020,265
10,5,52,"PRO HOGAR","AZCAPOTZALCO",19.475124,-99.154167,"02600",32,12,5020,265
10,5,52,"AGUILERA","AZCAPOTZALCO",19.473141,-99.155205,"02900",3,2,5020,265
10,5,52,"","AZCAPOTZALCO",19.466566,-99.146599,"02990",8,3,5020,265
10,5,52,"COLTONGO","AZCAPOTZALCO",19.482359,-99.154221,"02630",109,18,5020,265
10,5,52,"SANTA CRUZ DE LAS SALINAS","AZCAPOTZALCO",19.487776,-99.15316,"02340",22,7,5020,265
10,5,52,"ARENAL","AZCAPOTZALCO",19.464817,-99.151993,"02980",18,4,5020,265
10,5,52,"EUZKADI","AZCAPOTZALCO",19.47588,-99.160812,"02660",1,1,5020,265
10,5,52,"SAN FRANCISCO XOCOTITLA","AZCAPOTZALCO",19.468859,-99.146675,"02960",8,2,5020,265
10,5,52,"PORVENIR","AZCAPOTZALCO",19.469749,-99.145256,"02940",4,1,5020,265
10,5,52,"TRABAJADORES DEL HIERRO","AZCAPOTZALCO",19.478214,-99.150108,"02650",10,3,5020,265
10,5,52,"ANAHUAC II SECCION","MIGUEL HIDALGO",19.451166,-99.189415,"11440",18,6,5020,265
10,6,53,"TIERRA NUEVA","AZCAPOTZALCO",19.500509,-99.202942,"02130",4,3,5020,4
10,,,"","MIGUEL HIDALGO",19.453602,-99.197227,"11479",8,2,5020,885
10,,,"UN HOGAR PARA NOSOTROS","MIGUEL HIDALGO",19.450298,-99.169106,"11330",7,2,5020,885
10,,,"AMPLIACION TORRE BLANCA","MIGUEL HIDALGO",19.453344,-99.199913,"11289",2,2,5020,885
10,,,"TLATILCO","AZCAPOTZALCO",19.461178,-99.162613,"02860",15,5,5020,885
10,,,"PENSIL NORTE","MIGUEL HIDALGO",19.452019,-99.198235,"11430",13,2,5020,885
10,,,"ALDANA","AZCAPOTZALCO",19.470575,-99.151001,"02910",2,1,5020,885
10,,,"DEL GAS","AZCAPOTZALCO",19.469006,-99.155396,"02950",4,3,5020,885
10,,,"","",19.453634,-99.207901,"11260",4,2,5020,885
